8a79
5353
4b64
6c6c
8569
6064
5b5b
8553
5171
644b
5870
666e
647c
6e60
606c
644e
7160
647c
5056
755a
7075
4e50
5166
926c
6e8d
495b
785b
5e6b
8274
9582
6060
6374
5374
7058
6e60
6c7e
675e
925f
707c
765a
6478
6660
5b53
856c
829a
5652
5153
7060
756d
5370
6f46
8d74
5b64
4e66
4e4e
6653
6066
8070
515f
604a
4b5b
5b4b
5663
698f
8276
6c7f
685f
635a
5356
4e51
6e56
499d
617c
4e53
5a51
686b
985b
7461
5353
765b
5779
9277
5685
6c64
5b76
5656
6964
7c5b
7874
504a
3953
3943
3139
3934
2e31
362e
363f
3436
363f
2e2e
2e2e
342c
2c34
2820
3125
2d25
262e
3136
2031
2e23
2b1b
2633
2d2e
2b25
2336
2823
2d33
332b
2826
2833
3623
2626
252b
262d
2b2b
232e
332e
2b26
1e33
332e
2323
252d
232d
232b
2e20
1e23
2328
1e16
1928
1913
1618
2323
1826
1e09
1418
0e19
9820
cace
cacd
cdcc
cacd
caca
c4c4
c4c4
c1c2
bfc1
babf
c1bc
bfc1
b6b9
8d7c
5353
5168
6766
8669
6469
5e68
8153
5069
6448
586e
6971
6181
7666
606e
644e
7861
647c
504b
755a
7075
664e
4e66
9077
6c8d
4956
765b
5e70
8270
957c
6064
6c76
5368
6353
7860
667c
6457
8d67
7082
7658
6c76
5e6c
5b53
7c70
8592
5656
514e
7364
736d
5370
6948
886f
586e
4e64
4e4e
6653
5a63
8081
515f
634b
4e5e
5b4b
5a63
6182
8769
7674
6c64
605a
4e56
4e51
6e58
4b95
5e60
4e53
5e51
6468
9053
6f53
5356
745b
7979
9074
537f
7c64
5b6e
5853
6e6c
9164
6e7c
5252
404b
3948
3739
3934
2e31
362e
363c
3436
363f
2c2e
342e
332e
3134
2420
2e25
2d25
282d
2b33
2031
3323
2e1e
2636
2b2d
2525
2b36
282b
2b31
332b
2b26
2833
3626
262b
262b
2b2e
2b2d
2333
312b
2b26
2333
3333
2023
252b
232b
2428
2e20
1e23
2328
1e16
1828
1911
1619
2326
1826
1e09
161c
1618
180f
ca90
c7c7
cdc7
c7cd
cac7
c7ca
c7c7
c1c4
bfc1
bfbf
c2c1
bfbf
bcbf
8a7d
5953
4e6c
7557
8571
5e69
5b64
8253
4969
6449
506c
666e
6181
7668
536c
644b
7069
6985
485b
765a
6c76
6e4e
515e
8a82
6c81
4651
765b
6078
7c6c
9d80
6660
7070
4e6b
5b53
7b60
6b7e
4e51
986d
747c
755e
6c76
566e
5e4e
8170
8592
5b5b
5151
7366
756d
5670
614b
8d6e
5374
4e5e
4b4e
6658
5660
7c8d
5667
664b
5663
5e52
5063
6376
8a69
746f
7464
5b5a
4e53
4e53
7460
4e8a
5b60
4e4e
5651
6464
8251
7153
5161
825e
8595
9271
5380
6c5b
5b69
645e
6c6c
955b
5878
5658
4846
394b
3943
3931
2e31
362e
3639
3436
363f
292e
342e
332e
3133
2423
2e25
2d25
282d
2831
232e
3325
2e25
232e
2b2d
2325
3333
232d
2b2e
332b
2b26
2633
3626
262b
262b
2b2e
2b2e
1e33
3323
2b28
2333
3333
2023
252b
232b
2428
2e20
1d23
242b
1e16
1926
1611
181e
2326
1326
1e09
161c
1016
0f17
6c10
c7ca
cac3
cdcd
cdcd
caca
caca
c1c4
bfc1
c1bc
c2c2
bcbf
bfbf
8282
5953
4a6c
7d51
8572
5e66
6066
7c4e
4b77
6449
5066
6469
6481
6e6c
506b
6449
6c66
7489
566f
7658
6876
644b
5366
927d
6882
4b53
7661
6478
746c
957c
6860
6e70
4e6c
6059
7e63
6b78
5751
8e85
646f
7464
6876
5666
604e
7c6c
7c8a
565b
5051
7668
7572
5670
534e
8564
5674
495b
4b4b
645a
4e60
807f
516c
664e
5a60
6058
4b60
6368
8d67
5377
7664
5b5a
5353
5050
7863
4b87
5e64
4e51
534e
6364
8a50
4e61
5656
745b
7ca5
a066
5697
6657
5e69
6169
6466
7451
5e74
5653
4b4b
3948
394b
3934
2e31
392e
3139
3630
3641
292e
342e
312c
3134
2424
2e26
2e25
2828
2834
232b
2e23
2e26
2526
2d31
1d2b
332d
1e26
2b2d
332d
2626
2531
3326
2625
282e
2b2b
2b2e
1e33
3320
2b28
2331
3133
2023
282b
232b
232b
2e1e
1823
2428
1e18
1c26
1611
161e
2426
1326
1c07
161e
1616
1616
1014
c461
cac7
cdcd
cdcd
caca
c4ca
c1c4
c1c1
c2bf
c2c4
bcbc
babf
7985
5943
4e70
7d4b
7c72
5e60
6068
8a53
567c
6449
565e
6876
6181
7474
5370
6348
7060
8574
586f
7664
6476
6450
5774
987d
6085
5153
7868
6478
6464
9d80
685b
7070
4b64
5e5e
8464
5b73
5b4e
8e92
6464
7068
6476
5666
604e
8578
7485
5f7c
504e
7868
7875
5670
5751
8d82
5b6c
4b5a
4b4b
645a
4a5b
7f74
5666
6650
5a60
635a
4a5e
5f56
a857
5779
7969
5b58
5151
564e
785b
4e89
6368
4e56
534b
686c
9853
4667
5e53
7f53
69b0
8a5f
538a
5f53
5b69
5966
5e64
644e
6c85
5b59
4b4b
4048
394e
3d35
2e37
392e
3038
362e
363f
2931
342e
3426
2e34
2426
2e28
2d20
2828
2834
252b
2e25
2e26
2526
2d33
202b
2d31
1d1e
252d
332b
2625
262e
3326
2623
2d33
2b2e
2b2b
1e2e
3323
2528
232e
3331
2323
2b2b
2328
232b
2b1b
1823
2626
1e16
1925
1611
1016
2424
1326
1809
141e
1614
1616
1e14
4a15
caaf
cdc7
cacd
c7c7
c7c7
c2c4
c1c2
c2c1
c2c4
bfc1
bfbf
7485
5b43
4e64
7d51
7c77
605b
6068
8a56
7479
6853
535b
6976
6479
8785
536c
6049
7160
7c70
616e
7676
5b71
6453
536c
9286
5e7c
4e4e
7b64
6b78
5b61
9877
6860
6e6e
4b60
5e61
8463
5370
644e
888a
5664
7368
6473
5363
5b4e
997c
7485
7195
5246
7568
7873
5873
5e4e
979d
5b6c
4956
484b
645a
4658
745e
586e
6856
5e60
605d
4a5a
5353
a057
6471
7669
5a53
4e51
5b4e
785a
5085
6064
4e50
534b
6064
9d56
4e61
6451
874e
69b5
8251
597f
5f53
5b64
5b61
5e66
614b
6e95
5e5e
4b49
404a
484e
4537
3139
3930
3039
362e
343f
2931
2e2e
3426
2c34
2428
2d28
2e20
2826
2634
2b2b
2e25
3323
2026
3133
2328
2b33
1b18
252b
3326
2625
252d
3323
2326
2b2e
2b2b
2b2b
182e
361e
2325
1c28
332b
2326
2b2b
1e23
2026
261b
1826
2326
1e13
1926
1c0e
1619
2324
1126
1607
161c
1616
1316
1811
1023
9f28
c7ca
c7cd
cac7
cac7
c4c7
c1c2
c4c4
c4c4
c1c1
bfc1
748a
5b49
4b60
7d51
7472
6668
6366
7c56
7c82
6e50
5058
6c76
6474
8885
5169
634b
7460
746c
6e74
7471
506c
696e
566c
9a85
5682
4e53
7b61
6b76
5e5f
9280
685e
686e
4b63
5e61
7e66
5670
6c4e
868d
5e67
7370
607e
565a
5853
8578
7c81
6174
5349
736b
706b
5b75
6656
978a
586c
4950
4a4e
645a
4356
5b51
5679
6856
6060
605a
4858
5353
9a59
7977
7c71
534e
4e53
5b4b
745a
4b7c
5b64
5151
534e
6060
9550
6c71
6446
9253
69ad
7951
6f76
5f4f
5b67
665b
6166
5651
7c85
5b5b
4b4b
3d4a
5252
4a42
313c
3931
3039
362e
313c
292e
2c2e
3628
2c34
2628
2d2b
3120
2828
2534
2b2d
2e26
3623
2026
3133
2325
2631
1b18
2828
3328
2826
252b
3323
1e25
262e
2b28
2b2b
162e
361e
2323
1b2b
3128
2026
2623
1e23
1e23
261b
1620
1e23
1810
1c23
1c0e
1619
1e23
1023
1607
181c
1619
1611
1816
1e20
1609
cf98
c7c7
cdc7
cac7
c4c7
c4c4
c4c4
c4ca
c2c2
c1c1
7182
6049
4b64
7d4f
746d
686c
6066
8556
7685
6c49
5358
6c76
6481
8a82
5169
5e4b
7860
746c
6c74
7670
4b68
6974
595b
928e
4e7c
5156
7868
6870
6766
9d8a
6860
686e
4e63
5b5e
7b6b
5670
714e
8890
6c6c
7685
5878
5153
5851
7c74
7491
6477
584e
6d68
6e6e
6068
6c64
858a
5364
4950
4e4e
635b
3d4e
6758
5176
665a
5a66
605a
4853
5353
985b
7971
7c77
4e4a
4e53
534b
7058
6470
526c
5656
514e
5e5b
8053
7677
6446
9753
69a2
7c51
778d
5f4f
5b66
5e53
5e66
564e
7f87
5359
4b49
3d48
4860
4a48
313d
3f36
3039
362e
3139
292e
2830
362c
2c39
2428
2d2e
3120
2828
2536
252e
2e2b
3620
2026
2d33
2323
252d
1b1d
2b2d
3328
2826
252b
2e23
1e23
282b
2b26
2b2b
182e
3620
2023
1b2b
2e28
1e28
2020
2323
1b23
231b
131b
1c1e
1410
1e20
180e
1618
1c1e
111e
1607
1c1e
111e
130e
1610
1b1e
0216
9214
c7cd
cdc7
c8cd
c1c7
c4c2
c4c4
c4ca
c4c4
c2c2
7482
6949
4b69
8a53
796f
6668
5666
8a53
6474
694b
535b
6974
618d
7c74
5369
604b
7c5e
776d
646c
766e
4b68
6456
5b53
9292
4b79
5356
7b6e
6876
615e
9190
7064
7070
4e64
5a5a
7d66
566e
714e
8a96
6977
789d
5370
5051
584e
8d70
7d89
6788
604b
6d6b
7073
6063
7066
858d
5664
4b50
5058
635a
3d52
6653
5379
645a
5860
5e5a
464b
5353
955f
6985
6e6f
4e43
4e51
5b4e
6e5b
7c69
4b76
5953
534b
5b60
7958
7971
6443
8750
6999
824f
8592
614f
6464
5e5b
5964
5b4e
779a
5159
534b
404e
4264
4a42
3139
3f36
3038
362e
2e3c
292c
2831
3429
2e39
2426
2c2e
2e20
2b28
2633
282d
2d2b
3620
2625
3033
2325
2331
1e18
2833
3625
2323
2526
311e
1d23
262b
2b26
2328
1b2e
3323
1d23
1b28
3126
1e26
1c1b
241e
1e23
1e1b
1318
1c1c
1411
2121
1610
1416
241e
1120
1604
1c1c
1118
0910
1610
191e
040e
0b00
cc89
cdc4
c8cd
c4ca
c7c1
c7c7
c4c4
c4c4
c4c4
8574
614b
4b64
8853
7974
5e68
5e68
9258
4671
7050
5058
6974
5974
8571
5369
604a
8260
866c
6071
766e
4e64
6c4f
615b
8d92
4b76
5653
796e
6c76
4f51
8597
7668
7676
4e64
535b
765b
5868
744e
8896
696f
7e8d
5374
5151
5a4e
8a70
857c
6488
6050
6d6d
7073
6063
7868
7892
4e66
4e4e
535a
605b
4656
5e59
537f
605a
605b
5b60
4648
5653
8a67
6c85
717c
4e46
4e4e
644e
7160
7771
4971
5b53
5b4b
6368
6c58
7c79
6843
8753
699f
9047
8285
5b56
6968
665b
5666
7156
76ab
5359
5650
434e
486b
4a42
3137
3f36
3038
382e
2c38
2829
2e31
3429
2e39
282c
2e2e
2e24
2b28
2633
2b2d
2d2b
3620
2026
3131
2323
2033
2018
2b31
3325
1e20
2626
311e
1823
262d
2b23
2326
1b2e
3326
1b23
1b26
2b26
1e23
1b1b
231b
1e20
1e18
101e
1c1c
1611
1e24
160e
1116
261c
1020
1607
1e1c
1118
0b0e
1411
191e
020b
0404
8d15
c4cc
cacd
c4cc
cdc4
c7c7
c4c4
c4c4
c4c4
7c69
5b4b
5161
8853
7474
5868
6866
855b
4e71
6e4b
485b
6c6c
5b82
7c64
586c
5b4a
7466
7d6c
6674
766e
4e69
6957
6e64
8f9d
4774
5650
766e
6878
5b5b
788d
7070
7070
4e64
6468
735b
5a6b
6f4b
8088
6c67
7089
5374
4e50
5b4e
8d6c
8579
5385
6048
6d70
6d73
6360
8970
7c95
466e
4e4e
5a5a
6363
4852
5b60
5674
605e
605a
5664
4646
5656
7774
697c
7688
5146
4b4b
6453
7460
7c64
4b6c
5e56
564e
6464
535b
7982
6846
8550
6c9f
884b
8092
5b53
6469
6653
5e6c
785e
7ca2
5159
5b51
4853
4e70
5046
3139
3f36
2e38
3f30
2c3c
2629
2e36
3428
2e39
2c2e
2e2e
3126
2e28
2536
2b2d
2d2b
3620
1e28
312d
2323
1e31
2318
2b31
3626
2025
2826
3120
1d26
282e
2b1e
2026
1d2d
2e26
1623
1e23
2b26
1b23
1818
1e16
1c1b
2318
101e
1c1c
1611
2426
1910
1616
1e1e
1120
1609
1e1c
1918
0e13
1111
191e
000b
0902
1a13
ca7f
cdc9
c7c7
cdc7
c7ca
c4c7
c4c4
c4c4
8279
6151
4b61
8653
6667
5e68
6866
8d61
5371
664b
4858
696c
647c
8271
5869
5a4b
6968
7479
607c
766d
4e68
6459
7465
8d90
4674
5351
7370
7076
5b60
7185
736e
7068
535e
686c
7860
5b75
674e
777d
6e6d
6e89
4e60
5656
5b56
9169
8e79
538e
684e
706d
6875
6352
8d7b
7c8d
496e
4e50
6060
6360
4a4b
5364
6666
587b
5b58
5263
4646
695e
6977
6480
666f
5646
4b4e
6453
705b
7961
5064
5b5b
504b
5b5b
6c5b
6f85
664b
8d53
719f
9253
7993
6156
6169
695b
5b6e
7156
6ca2
5159
5b53
4656
4b70
524a
313c
3f36
2e39
3f30
2e3f
2629
2e36
3426
2c39
2c2c
2e31
3128
3126
2839
2b2d
2d2b
3623
1e28
2d2b
2323
262d
231b
2b31
3626
2628
2826
3123
1e2b
282b
2b1e
2323
1b2e
2e1e
1323
2023
2b28
1820
181b
1e1b
1e16
241c
131e
1c1c
1410
2926
1811
1616
201e
101e
1607
1b1c
1c18
0e16
0e16
1c19
020c
0f04
2010
7f13
cacf
c8c8
cdc8
c7c8
c7cd
cac4
c4c4
7974
6451
4969
804e
5e67
5666
6e6e
905e
5374
6e5b
4860
6868
6470
8171
5866
5b46
6968
797c
607f
7066
4b64
5c51
806c
7d80
4674
5651
736e
7e7b
5168
816e
7374
706e
4e5e
6068
816c
6478
5b4e
886f
7c67
6889
4e5b
5150
5b5b
9169
8d7c
5682
6856
6d73
6575
5a4a
8d89
6174
495e
5a4e
6063
5a5e
4b46
4e63
6666
587c
5a58
5260
4648
715b
5f85
6f77
6780
5b46
494e
6652
6960
795b
5364
565e
564b
6063
885a
6792
6c53
9056
749f
ab57
8292
6953
6174
6c56
566c
7659
5fab
5159
5e53
4a56
4e81
6052
373d
4239
2e38
3f30
2e3b
2929
2e36
392c
2c39
2e2e
2831
3426
3126
2839
2d2d
2d2d
3623
1e23
312b
2528
312d
1e20
2b2b
3628
2528
2826
3125
1e2e
282b
2b1e
2323
1b2e
331d
1326
2020
2b28
1b20
1b18
1b1c
231b
261b
131e
1e1c
160e
1c29
140b
1614
231e
0b18
1104
141c
191e
0e0e
0e16
1c19
040c
1604
2318
1016
cd81
c8c8
cdcd
c8cd
c7cd
cac4
c4c4
6c64
614b
4b64
8851
6169
5860
6e70
8d60
5371
6c64
485b
7068
6960
6c70
536c
5b48
686c
7474
5e74
7168
4b60
5351
7d6f
8d77
4680
5650
7b6e
7b7d
5176
7e60
6e76
7370
4e5b
5860
7b58
6b7e
5b53
8a64
8f65
6687
535b
4e4e
5853
9568
7d7c
4b77
644e
7580
5f6d
584a
8589
6068
4656
5b4b
6065
585e
4e43
4b5e
6e66
5673
5853
4e5e
464b
7464
5785
856f
6790
5b4e
4949
6353
5b64
8d51
5860
4e60
5a4b
6164
985b
668a
7053
8d5b
6ca0
ab49
8d8a
6057
6668
6451
5164
7882
679a
5153
5b53
4b51
4b89
6352
3839
423c
2e36
3c31
2c36
2929
2c34
3c2e
2c36
312c
2c34
3126
3128
2839
2d31
2d2e
3126
201e
312b
282b
262e
1e1b
2c26
3626
252b
2b26
3123
1e2e
2e26
2b23
2326
1d33
442e
1526
2023
2b28
1c23
181c
1b1c
231c
261c
0e1e
1e1b
1409
1826
140e
1c11
1e1e
0e16
1104
0e18
1e1e
0e11
0e16
1916
020f
0e07
1e16
1610
7013
cacd
cdcd
cdca
c7ca
c4c4
c7c7
746c
644b
4863
8653
6c75
5b60
6b70
8a64
5769
6964
485b
7068
6c5e
6674
5370
5e49
6174
746c
6071
706e
4e60
5756
8077
a57c
4e7c
5a50
7970
787b
5173
7864
8797
706e
5159
5860
7352
6b7b
635a
8566
926d
6881
5660
514e
6056
8568
717c
4382
684b
6d75
5a6d
5a52
7881
6460
4656
584b
6060
5660
4e46
485e
7666
5a74
5b53
4a58
464b
776c
5f77
7480
6985
5966
4949
6051
5e64
8f56
5e5e
4e5e
5a4b
6463
985b
6979
6853
a559
6e9f
a849
8279
605e
6068
6453
5160
638d
7f98
5053
5b53
4e49
5b97
644b
3942
413c
2e36
3c31
2c34
2929
2c36
392e
2c34
312e
2e34
3128
3128
3133
2d31
282d
2e28
2518
312b
282b
2631
1e18
2c24
2e26
232b
2626
2d1e
1d2b
3126
2b23
2328
2031
2e23
1023
1e23
3326
1e2b
161e
191c
1e16
2c1c
0e1e
1e1b
1109
1c26
1410
1e16
181e
1019
1104
0b16
2119
0e16
111c
1c16
020f
0b09
1e10
130e
091d
cd65
cac5
cdcd
c8cd
c4c4
c7c7
8279
644b
4863
805b
7180
605b
686e
8669
5b64
666f
4859
7064
745b
6469
5b71
5b4b
6071
7474
6679
766e
4e64
6f56
6980
ab7d
4661
5650
7873
7575
5168
7e78
8187
6c70
4e56
5e64
6e50
7076
6c60
836c
9577
687c
5e70
4e4b
6856
6868
7474
4375
6850
6b6b
5266
6356
7481
6460
4653
604e
6063
5360
5348
5663
765e
5668
5e4e
4853
3d49
8074
7780
6c6f
6f7c
5b6f
4949
6051
5b64
8a53
605a
4e5a
5b4b
6464
925e
5b61
6464
a75b
769f
ab46
8d8a
615e
5669
645b
4e5b
5e8d
80a7
5053
5653
5643
5b9f
6e53
393d
423f
2e39
3c31
2931
2e2c
2c36
392e
2c34
2e34
3134
342c
2b28
2d33
2d31
282d
3126
2625
332d
2b28
2531
1e18
2823
2b26
252d
262b
2618
262b
2e26
2d20
232b
2331
261b
131e
2323
2b23
1c26
161e
1818
1e16
261b
0e1e
1916
1109
1e24
1616
1e16
161c
1119
1304
0e1e
1e16
0b0e
1119
1c16
020f
0b09
1e0e
100e
1120
7704
c4cf
cdcd
caca
c4c8
c7c4
7e74
6451
5368
8e64
6c90
5848
6666
8868
5f69
5b74
485b
7460
7464
6968
6074
564b
6469
7774
6679
7670
4e64
7151
5f6f
927d
4f74
5a4e
7b78
7375
5b74
8d76
7089
6870
4e53
6060
6e53
6e70
646e
8a66
9579
6381
5153
4b4e
6856
6468
7174
466f
6850
6b67
5266
604e
7878
685e
4652
5a4b
6360
5063
5b4a
696b
7f5e
4b66
5b4a
4653
3d46
7c6e
7780
7161
6788
536c
494e
644e
5363
8756
635a
4e5b
5b4e
6060
8f5b
645e
616e
985f
7992
9a41
978a
6164
5364
645b
5959
6195
85b3
5353
565b
5943
5ba1
855b
393a
4742
3139
3c31
2936
2e29
2936
392e
2e34
2c2e
3134
342c
2e2c
2831
2d31
282d
3125
282d
362d
2823
2533
201c
2826
2b26
2b33
2b2e
2618
2b2e
3126
2b20
232e
2331
2b1e
1620
2323
2b23
181e
1616
1411
1e16
2616
0b19
1c1b
0f09
2324
1616
1c14
161c
0b16
1907
0e20
1911
0909
1419
1c19
000f
1c14
1e0e
1016
111c
130e
c780
cac7
c8c8
c7cd
c7ca
746c
6656
5666
776f
6c80
5843
6668
7d5e
5f77
5874
4856
7060
7c5b
6879
5b74
5649
6864
6971
6679
7670
4b64
7759
6a6a
8d86
5e74
5a50
7b78
7676
6485
8871
7478
6870
4e5b
645b
7056
6c73
6c6e
7a6c
8d7c
6076
4e4e
4b4e
6856
6068
717f
4e69
6856
6765
5668
5d50
7868
6e58
4663
5a53
6560
4e60
6450
8a78
8769
4264
5a4a
464e
4346
7471
7777
715f
617c
536c
494e
684e
4e64
915b
665a
4b5a
614e
6660
9558
6661
5e6e
8d5f
7c87
8041
8d96
6061
4e64
6153
5f56
63a2
77c0
5651
5e64
5b46
569f
8f66
4037
4745
313f
3f36
2936
2e29
2636
392e
2e34
2c2e
3136
312e
2e28
2b33
2d31
2831
3928
262e
382d
2b2b
2836
2020
2c26
2626
3336
2b2e
2318
2b2e
3325
2d23
232b
2331
2b1e
1623
1e26
2e26
1623
0e11
1610
1c14
2916
0b19
181b
0e09
2426
1618
1c14
161e
0b11
1907
0920
1e0e
0e09
1419
1c1e
040b
1919
1c16
1016
1118
1c09
7f10
c4c9
c7ca
c7cd
c4ca
646c
7053
5364
806f
5f67
534b
686e
7959
617d
5977
4b53
6c64
7460
686e
5b71
5b4b
645e
6971
6679
6e6e
4b63
7759
6f79
9680
496f
5a51
797b
7879
5b82
7d6f
7674
6b70
4e5b
6e60
705a
6e73
7070
7785
8575
6078
535b
4e49
6856
6068
6782
4e77
6858
6765
4a5a
604e
635e
6c5e
466e
5e5e
635e
4b5a
6358
7468
815b
3964
584a
4648
4646
7477
716a
7456
697f
5367
4e4e
6c4e
4e64
8f5b
665a
4b53
6453
5560
483d
462f
6e6f
9f61
7c8d
8846
848a
646c
536c
6051
5b58
6195
80b7
5b4f
5e61
5e4b
50a2
8d6c
423a
4a4a
3142
3f36
2936
2e29
2936
362c
2e34
2c2e
3136
3131
312b
2d39
2d31
2831
3e26
252e
3b2d
3033
2633
1e1c
2e26
2326
363b
2b2d
1e1b
2b31
3323
2d23
202b
2331
2b1b
1626
1e23
2b1e
1123
090e
1611
1c0e
2c1c
101e
1116
0e07
2326
1919
1814
111e
0b13
1907
1120
1e0e
110e
1419
191c
0211
0b04
1e16
0e16
1618
1e07
0919
cc8d
c8c7
cac8
c4ca
7479
6e53
5364
9165
647a
5651
686e
7158
5c88
5b67
435b
6c60
685e
6e66
6070
5848
5b60
7171
598d
686e
5363
6f57
657c
8e86
4967
5b59
787b
7375
578a
7a64
7174
6870
5053
7368
7363
7073
7870
869a
8271
5670
515b
4e49
6453
606d
5f82
4e79
6656
6865
4653
604e
6563
6c60
466e
5e63
605e
505a
6058
4755
3439
3135
5046
4949
5243
5f43
667d
6847
5e81
4858
4643
6448
6069
2742
5e40
4953
5556
4345
3641
1c28
5e31
8a59
7c92
8d49
7f82
6668
596c
6658
5359
639a
92ad
594e
646c
6450
53b3
9770
433d
504a
3142
3f37
2931
2c29
2e36
342c
2c34
2c2e
3139
3331
312c
2d39
2d31
2d31
3e20
2431
3b33
3133
2533
1e1e
281e
2528
2b36
2d33
1c18
282c
3324
2d23
202b
232e
2b1b
1626
2023
2e1e
1126
0911
1616
1c11
261c
1e1e
181e
0f09
1e26
1c16
1616
111e
0b19
1807
111e
1909
1611
141c
1b1c
0014
0904
1e11
0918
1618
1609
021e
a718
c8cc
cdc7
c3ca
7682
6e53
5864
8e6c
5786
5948
686e
7159
5983
5b5f
465b
6c5b
685b
6e60
6070
5646
6460
697c
5885
6b70
5363
675b
5f6f
9696
496c
6056
737b
7375
5b92
7a6a
6e64
6670
4b53
746b
7360
706e
8281
828a
917c
5268
5156
4e4b
6656
6068
627f
4b75
6558
6865
4653
6550
6065
6458
4369
6060
605a
4a5a
4d42
6467
4445
1731
4a27
4b46
5548
645b
376f
2e29
2929
2929
2929
2c26
3631
3c41
4019
4a4e
2b37
9c51
5b80
6f69
2944
9059
6f90
984f
778a
645e
5361
6c5e
4f59
719d
9aaf
5947
6169
6156
63ad
926e
5a56
5248
3647
3f37
2931
2c29
3038
342e
2c34
2c34
3134
332c
3128
2e33
2d31
3131
3e26
202e
3b2d
3333
2033
1e1e
261e
2623
2533
2b2e
1c1e
262b
3326
2d23
202b
232e
2b1b
1628
2323
2e1c
1123
1011
1611
1c14
261c
1c1e
1e28
0f0b
1c26
1c16
1616
161e
0b1e
1607
0e1e
1107
1610
141e
1c1e
0416
0404
200b
0916
1619
1607
0b18
2f07
cdaf
cdc4
c4cd
6e7c
6c4e
565e
775b
4b7d
5948
5e6e
7159
5f80
615f
4860
6c5b
6463
6e50
6070
524b
6c5a
649d
5e79
6e70
5168
695b
5c6c
9a98
4771
604e
737b
7373
5f8f
726d
706f
686e
4858
7668
6d5a
706e
8a8d
8a92
8279
525b
4e5e
4e4e
6853
606b
7180
4671
655a
6865
4852
6050
6060
5e53
4664
5e60
5a5a
405a
3c41
975c
7f6b
94a1
4d52
4740
4e5a
706a
365b
282b
2b28
2c2c
262b
1e23
0e20
854e
525f
3c4a
2826
8737
908a
97c9
3686
9256
7597
9d4f
5e85
645b
4e5b
6853
515b
7192
9ab3
5b46
616c
6456
6eaf
8a70
7673
5842
3148
4037
2631
2c26
2e38
3a2e
2634
2c34
2c39
312c
3128
2b36
2d33
3333
3928
1c2e
3628
3333
2333
201e
2b20
2b26
2633
2b26
1e24
262b
3326
2b23
2028
232b
2b1b
182b
2424
2e1e
0b1e
160e
1810
1c14
2618
181c
1923
0e0b
1c26
1c16
1616
1e1c
0929
1607
0920
1102
1611
161c
1c19
0417
0404
210b
0716
1619
1104
0718
0e11
ad2d
c5cc
c8ce
7176
6c4e
505e
7753
5983
5650
6068
715b
5f86
615b
4364
6b53
6868
6e4e
5e6e
564e
6860
719a
5674
7570
5270
6451
596f
928a
4975
6056
7376
7373
5f92
836f
686c
6e66
4a5b
7864
6658
7470
8a85
958e
7982
5258
4b5b
4e4e
6053
656d
726c
4e6d
635e
6363
4b4e
6553
6360
6656
435e
5a63
5a5a
4058
244d
a444
c9a3
afe6
758a
4e63
2e54
a971
3e45
3333
282b
2b28
2025
393b
2820
c04d
7c81
6771
2245
ae2d
c3c2
c9f1
3b87
9d5e
759a
9649
5e77
5e60
4b56
6453
565b
698d
97a2
614b
646c
614e
66af
a17f
7666
5548
3748
4037
2631
2c26
2e36
392e
2834
2c34
2c39
332c
3328
2839
2d31
3633
392b
1e31
332b
2d33
2636
2018
2823
2b2b
2b36
2e26
2323
262c
332b
2b23
2328
262b
2b1b
182b
2624
2e1e
091c
1609
1811
1616
2c16
141e
161b
0e0e
2026
1c16
1416
161e
091c
1604
0b1e
0c02
1616
1619
1c19
0417
0904
2111
0717
1619
1104
0a19
180b
250b
c7af
caca
6e6c
6e49
5266
7553
5b85
5358
6868
7459
547d
6153
4668
6b56
7874
7068
5b68
634e
6468
7d85
5671
7570
5b70
5f4e
5367
9692
4e7c
5e56
7076
7673
5f8f
8b7a
646c
6668
4a4e
6c64
6e58
7476
8695
9292
6c71
5253
4961
5151
6053
606d
646e
6979
5d60
5a5f
4a4b
6053
6b5d
6c64
4864
5a60
5858
2f55
1d2a
b44e
cbb6
daeb
a2b7
7796
1788
7862
3e11
3838
252d
2b2b
1b2b
7d5a
471e
d84d
89a4
9e90
3d8f
7313
8986
e6a6
41b0
a161
6f9d
a24f
5b79
5e60
4e56
6456
5959
6192
9a8d
644b
6069
6156
6cb0
977c
7f66
5648
3748
4039
292f
2e24
2e3c
342c
262e
2631
2c34
342c
3928
283b
2d31
3931
362b
2331
332d
2d2d
2536
201c
2d23
2e28
2533
2e23
2420
242e
3324
2b26
2326
262e
261b
1b2b
2b20
2e23
0416
1109
1811
1616
2814
161e
141b
0e14
2426
1c16
1416
111e
0416
1e07
111e
0902
1113
1619
1c1e
0416
0b04
1e11
0717
1619
1107
111c
160b
0b18
b935
cdc7
746d
6c4b
536e
6451
606c
5359
686e
7c5e
5779
664f
4b70
6c4e
6e70
7874
616e
6350
6463
7985
5870
7570
6073
644e
4c64
968a
4f77
5a53
7376
7073
5f85
9b82
686d
686e
4e56
6864
7358
6e76
9092
8d9a
6469
534e
4e5e
4e4e
6b63
5e67
5766
7f79
5d5d
5a5f
484b
6053
6c5d
6c64
4860
5d5b
565d
2150
1a12
5734
6a40
fac7
9ab3
5c8d
1987
2931
3b16
3138
2b30
2828
312b
2026
4528
f358
96cf
734a
42a9
491e
5449
fb88
3db0
a774
6ca5
a247
5b8a
5f64
5153
6457
5956
639a
a78d
664e
5e69
705b
6cab
8d7f
7c66
584b
3748
4039
292f
2f24
2e41
342b
2634
242e
2c31
332b
3428
2836
2d2e
3633
332b
2636
332d
2b33
2336
1e1e
2e25
312b
252d
3123
2620
252e
331e
2b26
2328
262c
2618
1826
2d23
2e23
0418
1609
1814
1616
2614
161e
161b
0b11
2426
1c16
1b16
1820
0719
2010
111e
0900
0e16
1616
1c1e
0417
1104
2016
0918
1719
0f07
111e
1911
1916
4f10
c9c7
7179
6e49
5870
6151
6064
5b59
646e
825e
617c
6453
4e70
684e
6f78
7874
6873
6058
685a
7182
5879
7573
566d
5b4b
4f6f
a090
4767
6056
7376
706e
6171
916d
606d
6868
5353
6864
6d58
6973
8081
8a92
686c
534e
4f53
4e4b
6d68
5a67
534e
7f7d
5f5a
5a5d
4a4b
6053
7058
705e
4664
585b
5a58
1f55
170a
8045
5744
a3a1
3936
484c
2455
3437
3026
3333
3b33
3e39
4133
3333
3631
862c
4f78
363d
2531
4f38
9e6d
ba9e
417a
ab7c
679d
8e49
5f8a
5b59
4f53
6057
6153
79a5
9f7c
6e5e
5e6e
745e
76ad
9584
7f69
584e
3a48
4242
2931
3629
2e41
342b
2634
242c
2c31
3128
3428
2633
2d31
3633
3328
2636
3331
2b33
2336
231b
2e28
312b
2b2b
2e23
2823
262e
2b1e
2b26
2328
242c
281b
1826
2b23
311d
0418
1804
1616
1418
2816
0e19
1916
0911
2424
1e18
161b
1c23
091c
2018
111c
0900
1016
1616
1c1e
0416
1102
2518
161c
161e
0f07
111e
1e11
1616
0920
ce65
777a
664b
5b6e
6c4b
5b64
6464
616e
8a5e
6180
6151
4e70
694e
8585
7871
6870
645b
745a
6985
6074
7573
506b
8053
5374
9292
4b67
635e
7575
736d
6779
8188
5b64
6866
5353
6b64
685a
6e6e
7468
748a
6671
594b
4e56
534e
676b
5665
694e
8079
5f5a
5a5f
4a4a
6056
7358
6c5e
4b60
585e
5858
1a58
0f07
4f31
5a4c
5149
7169
b89c
7ca8
4f49
444e
3b3b
2d36
3636
2d33
312b
3636
3c36
4247
474e
0b1e
2118
653f
5e7c
5959
9d6f
6792
8d4f
5e92
5659
4f4f
6457
5b53
84ab
9571
7456
6174
785b
76ad
997c
8770
5b56
4048
4248
2932
3f31
2e3f
392b
2434
2426
2c31
332c
3628
2531
2e31
3331
3328
2331
3633
2833
2538
2618
2e2b
3626
2b2d
3123
2b23
2633
2625
2b25
2328
232e
2b1b
1626
2b1e
311d
0019
1e09
1616
161c
2616
161e
1c16
090f
2423
1b14
141b
1e23
091e
1e18
111c
0900
1016
1616
1e1e
0416
0b02
2616
0e18
161e
0f07
161c
160b
1016
171e
7404
6f7d
5e53
5370
6c49
5b7c
6464
5e6e
8a59
6180
664b
5376
6c4e
7d7c
7074
666e
605b
7160
7982
656c
7878
5370
9853
5164
92a5
4e6f
6e64
7375
7870
618a
837d
6071
646c
4e4b
6866
6856
706d
505e
7c89
6482
564b
4e56
5a4e
656d
5265
774e
8064
5758
5a5f
4e4a
605a
705b
7860
5060
5a60
5858
2a58
1208
1913
392b
5844
c9b1
c4c4
b1d2
4653
4f41
5a54
4c54
4949
4147
524c
5f57
605f
4a57
5245
526a
2926
5650
474f
854f
9276
6ca6
924f
5798
5b5b
4e4b
6053
5353
8aa2
a56e
6959
5b70
7453
74b5
9f76
7f68
5858
3a42
4048
292f
4031
2c47
392b
2434
2026
2c33
2c28
3424
252e
3131
3331
3328
2536
3633
2533
2b38
2d1e
2e26
3626
2b2e
3328
3123
2b33
2826
2b25
2326
202e
2c1b
1626
2b20
3120
041c
2409
1418
1e1c
281c
0918
1816
110b
2b24
1e1e
1813
1820
0719
1e18
131e
0b00
1118
1618
1e1c
0413
0e04
2613
0e19
191e
0f07
1919
110b
1619
161c
0e04
5f86
6643
5b70
684b
5b71
5b5b
6670
895c
7180
6849
5b76
6c51
757d
706f
646b
5859
695a
748a
6060
7870
5870
7c4e
515c
8e96
4f7c
7864
7576
7e73
618d
837d
6875
6070
4b4e
6c5e
6852
706d
505e
746c
598a
594b
5056
5a4e
656b
5365
824e
806d
5758
585d
5246
6060
6360
7c58
4870
5658
5a58
4a52
081a
2413
433b
9855
bebd
b9c4
9390
436b
4646
544f
5f57
5f62
5c67
5467
4944
3e4d
5652
4746
7754
415a
5b5d
4449
574a
9a5e
649a
a259
5396
5f5b
4f4f
5b53
4e53
8a9d
a564
6466
6469
7453
85c3
9968
766e
5b58
3a40
4642
292f
4531
2c47
362b
2434
1e26
2c34
2824
3428
282c
2d31
332d
3328
2836
3836
2533
2e36
2e20
3326
3126
2b2e
332b
2e23
2b33
2823
2b26
2326
202c
2c1c
1423
2b23
3120
0418
1809
141b
1c18
2624
0716
1616
190e
2826
1e24
160e
161c
0b1e
2416
1323
1304
1418
1618
1e1c
0413
1107
2610
091e
1e19
0e0f
1919
160b
151e
141b
0a09
6586
6141
606e
614b
6164
5659
6670
8559
7c7d
684b
5870
7153
6282
7e86
646b
4e4b
5b5a
927c
636e
706e
5b70
644e
616e
8a8e
4f86
685b
7576
816e
6d9a
9688
644b
6066
4b4e
6c5e
5b52
645e
5352
6c68
4e8f
6453
4e4e
5a4e
656d
5265
694b
8088
5760
5860
5346
5b5b
5370
6c4e
4866
5055
5853
524a
2145
4c3b
5a42
bfa0
b8be
a5b4
8e7d
889d
9e96
a6a0
b69b
bcaf
a6a1
bcb7
9fa4
5b78
4552
393b
6349
5974
3c39
3232
433a
924f
5ba0
8e51
5b9a
5e5b
4e56
6053
4e4e
92a2
af5b
5367
6464
714b
81c2
916e
7b6e
5b60
3a48
463a
2931
4745
2645
342b
2431
2426
2934
2c24
342b
282e
2831
3128
3628
2b39
3936
2833
3336
2e25
3128
2e28
2b2e
3328
2d25
2b36
2625
2d26
2026
232b
2b1b
1020
2620
311e
0419
1609
1b18
1c1c
2624
0919
181b
0e09
2423
1c23
1614
1c1e
091e
2316
1124
1e09
1618
161c
1e1c
0417
1104
260e
0921
1c19
0e11
1619
1c0e
141c
141c
1109
6d68
6641
606e
614b
615b
5861
636e
8d59
747c
6c48
5870
6c53
5c7d
766d
666e
4e49
5b60
8e71
6864
6e6c
606e
5e4e
6759
758e
5688
6350
7575
7c6e
8890
9580
5951
6064
4e4b
6c6b
5350
5a50
5650
6c6b
4b81
5b53
4e49
5e4b
6570
5265
4646
858d
5560
525d
5348
5253
5085
6c4b
4864
5055
5752
494d
4c47
4e4e
a773
afb7
9da2
8ea0
b2a5
d5b1
c4a6
e1bb
bba6
ebb7
b1b9
ccb9
c5b7
bfcc
9c9e
6380
4e55
7157
3e67
343a
3527
a85b
549e
824f
578a
6c64
4e56
6053
494e
b5b5
7f69
4969
5f61
7449
79b3
797f
7c71
6b64
404a
3a40
2932
4742
263c
342c
1c2c
2424
2834
3128
3628
2431
282e
3128
362d
2836
3833
2833
3836
2b33
3326
312e
2b2d
312b
2d23
2636
2625
362b
2028
2431
2b18
1024
261e
331e
0920
1107
261e
1c20
261e
0b19
1616
0b09
241e
1c1e
1e1c
2326
0419
1e11
1620
1907
1618
1619
1c19
0719
0e04
260e
0e21
1919
1416
1819
190e
1416
161e
1109
6768
6943
5b6e
6449
594b
5864
666e
965b
7177
6640
5870
7053
676c
766d
6170
4b4b
5b60
8d71
7b70
706c
5368
5e53
5351
7580
5b85
6350
7575
706d
9e7c
8888
5353
6864
4b4b
6b6c
504b
6450
5853
736c
4676
5353
504b
6352
636d
5260
4646
7c80
5270
4b58
5346
4b50
5074
664b
4760
5255
5152
4447
3f46
9b52
a2c2
8e95
af9e
a6b8
cc95
d4d2
a4b4
bdd7
9cbc
c6db
94c0
b7bc
acbb
cbb2
b9c3
c7d0
83a2
637a
5960
414c
373c
9140
4f9d
9257
5371
6468
4e53
5653
494e
b3b3
6479
5667
5f5e
714b
76b7
8287
7f76
6464
4848
404b
2f3a
4a4a
2c3f
3428
1e31
2426
2431
332c
3928
2036
282e
3626
362d
2836
3330
2333
3b33
2b39
3626
312e
2d2d
2d2b
3328
2b36
2628
3626
2328
2633
2c18
1326
241e
331e
0f20
1109
2818
1e1e
201e
0e19
1616
0909
261c
0e16
1e1c
2326
021e
1e0b
161e
0f04
1616
161e
1c1c
0717
1104
2611
1120
1918
1819
1919
1911
1416
161c
1309
5c6d
6941
5b6e
6449
5b51
5361
666e
8d5b
8074
6848
5870
7453
6967
7071
6670
4b4b
585e
8d74
7c71
7064
5868
5e53
5157
8e75
5b86
6350
7575
6e6d
986c
8080
5b53
6868
4b4e
6864
584a
6c58
565b
816b
5b85
535a
5049
604e
636b
5263
4b46
7d85
5260
4a5a
5342
524e
4870
5b4b
4852
554f
4e4d
4249
6d45
c3ab
96a5
b5af
bea0
c3c0
a8a2
cbee
9cc7
dcd7
a9a3
dbd8
a19b
e2c7
96af
c8d3
aacd
cdc2
babc
b0c7
6988
465b
3e3e
2c31
505a
a266
5b79
606c
4e53
5656
4e4e
abb3
617c
5b64
696c
6349
7cbb
9282
7c70
646b
4950
5153
3241
5060
2e4a
392c
1c2c
1f24
242e
3334
3931
2031
282e
3626
3931
2631
332d
2333
3b38
2b33
3625
3333
2d2d
302b
3328
2639
2628
3324
2826
2831
2b1b
0e24
1e1e
3318
0920
130b
1e16
2018
241e
0b1e
161b
0909
261c
0e16
1c1c
1e23
0416
1e09
1620
1107
1816
181e
1c1c
0419
1304
230e
1621
1916
1419
1c19
1916
1616
161c
130e
5f78
6944
5868
6449
5b51
5361
6870
7d59
8574
6449
5a70
7456
6969
7075
6870
4e4b
5b5a
8879
6469
7064
686e
5b50
5353
9e77
5b90
604b
7570
6e6b
886c
7971
5e51
666c
4e53
6356
504b
6350
5356
8a6c
6476
5660
4e49
604a
656d
5063
6146
7d85
5266
4a58
4b40
5848
4385
644b
4a5b
414f
4040
5a41
a691
9498
b694
d2b7
99b1
e6d4
9fbd
d0d0
a27d
9da2
9d73
939e
b06f
a298
bc7e
ccd2
97aa
bacb
c3c6
e8bd
aec2
6196
414f
383e
2727
a253
578e
6861
4e5b
5653
4e4e
9aa2
6782
5b64
5e61
6643
76b3
897f
7c81
666b
504b
5369
3237
608c
2e4f
392c
1c26
1c24
2031
3131
3928
2031
2e2e
3128
3931
2631
3831
2838
3b3b
2b31
3628
332e
2b2d
2d2b
332b
2636
282d
2e26
2826
2831
2c1e
0b24
1e26
3318
0924
110b
201c
2313
241e
0b21
1616
0f09
241e
1316
1c1c
1624
0e11
2311
0e20
1911
1616
161c
1819
0417
1304
2018
1626
1916
1119
191e
1918
1b16
191e
160e
657d
6843
586e
6c50
5e51
5361
666e
8258
7977
6643
606e
7456
6a69
8577
6073
4e50
5e53
8686
6461
7868
6870
5b4e
6553
887c
5b8d
6350
7b70
686d
9074
8074
6153
636c
4648
6350
534e
644b
525e
906c
6c74
565e
4e4e
5f4a
656d
5060
6443
8785
5568
4858
4643
5340
4078
684e
4058
3a3e
503d
a382
94a0
b8a9
b49e
cce7
95bc
f0be
93aa
839e
8879
9a94
97a5
b19e
95b0
8f8f
8c84
7484
bf93
e3c7
b3aa
c6cf
c0ba
b2c4
5c8a
3e44
313f
6f27
5b93
5e59
4b5b
534e
494e
9292
5987
5961
5b53
6946
74bb
877f
7c8f
6868
484b
4959
373a
7b91
2f5a
3c2c
1c2c
1e21
1e34
332c
3c28
2031
3128
2e2c
392e
2634
3933
2b39
403b
2b31
362d
332b
2b2b
312b
312b
2633
2e2d
2e23
2823
282d
2e23
0e24
1e26
361e
092b
110b
201c
2313
261e
0924
1916
1109
201e
1416
1c1c
1624
1616
1e10
0e1c
1e1c
1616
161c
1e1e
0419
1102
1e1e
1620
1816
1116
1c19
1916
1616
1e20
190e
646d
6946
566c
7051
6053
5868
6670
855b
7d79
6443
5b68
7053
7768
776f
6371
4e4e
5e53
928a
666c
7b66
6070
5b4b
7453
7580
647c
6658
736d
6e73
9a7e
8571
6650
606e
4848
6350
6653
6056
555e
806c
776a
4e58
4b4b
6550
656d
505f
5a48
7b63
5552
4855
4643
5043
3a6e
5b4e
3e45
5a4e
b685
8ba8
b887
cab9
9cbf
f6c0
90a3
83a2
9b90
c0b2
d3c9
dcd8
d7e3
ecdb
eaf5
eae8
cbdf
a8bb
8899
8e83
b594
c1ef
c2be
cdcb
9bb7
4b6c
4145
1a37
6e53
5e59
4656
534e
474e
9d59
538f
575b
6453
6e4b
6fab
8071
7988
6166
4753
4953
4038
7489
2a5b
3c2d
1f2e
1f21
2034
3431
3e28
1e34
2e24
282e
3928
2431
3631
2b36
3e3b
2d2e
3b33
362d
2d2b
312b
3028
2633
2e28
2d25
2823
2b2d
3128
0e26
2026
3620
0e2e
110e
1e18
2418
241e
0e24
1e1c
1111
2421
1416
1e16
1624
1818
200e
0e19
1c1e
1816
161e
1c19
0919
1300
2519
1820
1818
1116
1e18
160e
1016
1e20
1811
6565
6e49
536e
7053
6053
566c
6870
825b
6f75
6843
5868
745b
886c
7777
6466
4e4e
5353
8e7c
6167
7868
646e
5f4e
6751
7c80
698d
6353
6d70
706e
9a81
816f
684e
5a6d
484b
6053
6350
6058
5858
776e
7767
4650
4e4b
6552
656b
505f
684b
785b
554f
4652
4643
4e43
395e
4846
514e
ae6b
a0b6
cb96
b1c8
e6c8
8fd0
99ab
9083
c0a8
d3cb
ced3
cdcd
b4bc
c5b9
c2c1
cebe
ccc5
e3de
f4ec
cee8
93b2
8e93
b5ac
bfa2
cbc6
cdc5
89b3
5056
444c
2f1e
6464
4351
4e4b
4f4b
9556
518a
4b53
5f53
8a53
74bb
5e5b
7492
5b71
4b53
5356
433a
7481
3264
3c2f
1e2c
1f26
2431
3434
3c20
1c34
2824
2828
3928
2031
332d
2b33
3b3b
312b
3b33
3331
2b25
332b
302b
2b33
2e2e
2d23
2b28
2b33
3128
102b
2826
3120
1131
160b
1b1c
231b
241e
1024
1e1c
1418
2c24
1618
2016
1624
1816
2610
111e
191e
1616
1119
1c16
0c1e
1102
2010
1820
1618
1111
1c16
1610
1116
1e1e
1914
6769
664f
5368
7153
5b5b
5870
6870
8259
6c75
6949
586c
7860
6968
8688
6666
4e4e
5151
8282
645f
7568
636e
5e4e
4f53
856f
6898
5d53
7570
6e68
967c
817c
684e
606b
4a4e
635b
6048
5d5d
5d52
6f6c
7971
4b50
4e4b
6558
676b
505d
6c48
6c5b
554f
4650
4a42
534a
3960
4046
3a34
8263
a18b
c4bb
a6cc
dc8f
65c2
9e8b
ccb6
d1d4
c9c9
c3c3
d3cb
bbc0
c9c0
c7be
cab3
b4b0
b6b7
c2c0
e3cd
e5ea
a9d3
8386
c8b1
cbde
c8b5
cbd8
709b
5a58
3156
562f
4351
4e59
6447
a85f
5190
4b53
5f5b
7147
6cab
5e57
7495
5f71
4b4b
5956
3d49
9987
376c
4d42
1f29
2427
2834
343c
3920
1e34
241c
242c
392c
2031
332d
2d33
3b3e
2b25
3b36
312d
2b23
2d2b
362b
2d33
2e2e
2d23
2b2b
2b33
3128
142e
2826
3116
1136
1e0b
1b24
1e1b
241e
0e20
2019
191e
2c2c
1416
2016
1620
1816
2610
111e
1c1c
1618
0e16
1c16
0c1f
1302
2311
1826
1018
1111
1c16
1911
141c
1e1e
1c14
676f
6053
5360
7050
5b6b
5970
6870
8a5b
6971
7151
646c
6c5b
6f6c
8071
686e
4e4e
534e
8a85
8d61
6d66
6068
5e4e
5156
826f
5b95
6058
7870
6166
8e7c
767c
704e
6068
484e
635b
604b
655d
5858
6769
776d
4648
4849
6352
656a
4e57
6348
6b64
574d
4650
4a42
5850
3960
272f
341f
8f6c
b59f
d6c4
a8cd
a291
a185
d7c2
c7cf
cccb
ccca
d0cc
cfda
c4c7
cbcc
c4b2
c4ca
c8be
bdc8
bfc2
b6b6
cbb8
eae1
bed6
8a98
9e99
cbaa
c8ba
c1b7
639d
7478
3652
4b4a
565c
7946
a057
5695
4b51
575b
713e
6eab
574f
6990
6469
4f47
5f5b
3d49
8c84
3284
483a
2129
272f
2834
3131
3420
1e34
281c
282e
3624
2031
3328
3233
3b3e
2b25
3b36
312d
2b25
2d2b
3632
2d2d
2e28
3125
302b
2833
3120
162e
2820
2e18
1331
190b
1e1e
1e18
241e
0e24
261e
1116
2926
1016
1c16
111e
1911
240e
111e
1e1c
1318
0e16
1c16
0b1e
1302
1e0e
1326
070b
1113
1c16
1110
141c
1c1e
1c14
676d
6653
5368
6c48
536e
5b70
6b6e
8a59
6575
7451
5b68
6b5a
776e
856f
686c
5350
5b53
9079
795f
7368
6870
5e4e
5156
7964
5085
6053
756d
5e6b
8574
7486
7046
6068
4a50
6056
604b
6860
5d58
6568
8272
4b42
4848
6253
5f65
4852
5052
7063
554f
4650
5246
4a52
2a3c
2722
5a29
b6a1
b8b6
bda1
8fe2
9e74
d7c7
bdc9
cfbe
ddcf
cbd0
dad0
c4cc
c5c7
c0d2
bcb8
c7c5
d1b8
c8cb
c6c6
bcbf
b8bc
baa8
dcd1
aad2
a37f
d2bb
bcd3
cbb9
d9d5
687e
747a
4854
4e5b
8d3e
a067
5995
4753
534f
7947
76ad
564f
6c90
6161
5343
5b59
3d49
748d
3285
4539
272f
272f
2934
2c28
3121
1e34
2c1c
282e
311c
2031
3128
3033
363a
2d23
3b36
332d
2d2b
2d2d
3633
2b2d
2e28
3325
302b
282d
3120
162e
2e26
2e20
1131
180b
201c
261b
1e24
0e24
241e
0e0f
2620
0e19
1619
101c
1611
2109
1119
1e1e
1818
0716
1e11
071e
1700
2310
0921
0702
161e
1c16
0e11
1418
1e1e
1e14
706c
6661
5868
6c4b
516e
5e6e
686e
855b
8d82
684e
606c
705a
6468
8077
6868
514e
5953
7d74
855c
7068
6870
5e53
5353
795e
5b8a
6350
706b
616e
867c
8488
6842
5a65
4e50
6353
6550
6867
605a
5f64
8577
4643
4a48
5f5d
5a65
4a4a
525b
7360
5656
4250
5748
3457
2627
242a
9555
b6b6
bfc4
9da1
8e9e
dab9
ccd0
c7ca
d2cf
dbca
c7cd
dbcb
ccca
d8cd
bed9
b7bb
b9c0
d9c7
cbcc
c9d1
c8c0
b7c6
b3b3
b7ad
d7c9
a6cb
ab8b
9cab
e0ba
dacd
7dd4
746f
5a7e
5056
7c41
8d5f
51a2
4756
4e4b
714b
7c9a
645b
828d
616f
5749
5961
534e
7687
3981
4340
2a2f
2a27
2c3c
3a2e
3424
2436
2c1e
2831
3120
2434
3326
2b33
2d3b
2d20
3b39
312d
3331
3030
3830
2833
3326
3325
2b33
2b2b
3120
182d
2e28
281e
1836
1e09
1e1e
2816
282e
1024
231b
0e0f
2026
101e
1618
1918
1116
2104
1016
1c26
1916
0417
1e16
071e
1c00
2c18
0421
0902
0e1c
1818
1311
1419
1e20
1e0e
6c6c
6968
5368
6946
5074
5b66
6870
8d61
807d
664f
636b
705b
5964
756a
606c
494b
5956
827c
955b
6e70
6068
6153
5653
795e
648a
6053
6d68
646e
8a82
7b85
6848
6360
4a50
6058
634a
6765
5b58
5366
8d77
4646
4b46
5d5f
535f
4a48
5064
815d
5658
4250
5546
4a3e
1c1d
481f
b1a6
b8b0
dde2
7995
cc9e
cad7
e0d2
d3ca
d3da
dde2
e2dc
e5e2
e2d8
e6e8
d2da
afb2
abb5
ddcb
d3cc
d4d7
d1c9
bfce
bcc1
b5be
b8a5
d9c7
82b0
baab
c2d0
b7c7
e8d7
6c86
7978
4e40
6e46
5764
518f
4b51
4e4b
7651
7795
696c
7c8f
5f71
5b4b
5b64
565b
6c89
3974
4e42
2f37
2922
2c3f
342c
3926
1e36
3126
2931
3120
2439
3328
2b33
2d36
281e
3b36
332d
2d2b
3332
3630
2833
3628
3123
2b2b
2b2b
3123
182d
2e2e
2e1e
2031
180e
1c20
2016
392e
141e
241e
0e0f
1e24
101e
1c18
201e
1118
2404
0e18
1c21
1818
0413
1e17
091c
1802
2611
0721
0904
0914
1918
1111
1418
1e20
1c0e
6674
6658
5368
6943
5071
586e
6870
7c69
5f71
6657
6370
7058
5b63
6969
6468
4953
5853
8d74
7c69
706e
606e
564e
5353
795e
6487
6053
6e6e
6068
8e82
6e7d
6e4e
6865
4a5e
6058
654a
676a
5658
5764
956c
434e
5043
5d63
4e5d
4d48
5068
765d
5260
424d
4648
4777
1d0d
9e42
cab7
8fc4
9eb7
b37a
d0d2
d2cc
d3d0
d8d0
d8db
dad8
e5e1
eae2
eae2
e5e8
efe7
c2c7
ddc5
e5d7
dfdd
d9d9
d7dc
c3d3
ddd5
aec1
b5b8
bbb5
bfd5
c7d0
c8b1
b4b3
d8c3
89ea
897a
404f
714e
646f
4b82
4f4e
5353
744e
809f
7977
7479
666c
5f4b
5b61
3d4b
7094
3a78
6853
3237
292a
2739
3f34
392c
1e34
312c
2c2e
3124
2034
3126
2831
2e36
281e
3b39
3330
2d28
3633
3630
2d33
3b28
3325
2b2b
2b2b
3323
182d
2628
2d18
2031
1e0e
1b23
1e16
3131
101e
1e1b
070f
2820
161e
1c18
1e19
111b
2604
111e
1c1e
1616
0414
1c16
0c19
1304
2010
0924
0709
0404
1e19
0c0f
1416
1c24
1c09
6471
6651
5966
694e
5174
586e
6c70
7469
617d
6457
6374
745b
5f64
6d7a
6866
4e53
5e56
9579
6879
6e6e
6070
564e
6953
746c
6085
6053
7074
6166
8585
7080
6646
6866
485a
6058
6b50
656a
5358
545b
7c64
464b
5246
5d63
4657
4a46
506b
685d
4d60
4248
a63b
09ac
340a
a696
cfbf
8dcf
8e88
d9bf
d0ca
dbd8
d8d5
e5e2
e2e8
e8dd
dce9
eedc
e2e2
e2e2
efe5
e0df
eeee
ead9
e5ef
dadf
c7d4
cbd4
c5ce
bfbc
b5bb
bdb7
c9b5
a7c7
a690
c2a1
d0d3
e2d8
8886
2564
9558
7c71
4987
534b
5364
7f51
8d9d
8d80
6757
6766
4b4b
646c
434e
749d
4064
6b60
3a37
2f31
2c4d
4834
3631
2434
2c2c
2c2e
3124
1c34
2e26
2631
2836
2618
3e39
3331
312b
362d
3333
3136
3e28
332b
2b2b
2b2d
3323
162b
2028
2616
2331
1e0e
1e1e
2616
2831
1018
191b
0211
2e1c
161c
1e18
1e1e
1116
2404
1620
191e
1913
0017
1c14
141c
1104
2611
1128
0b11
0402
1e19
0b11
0e13
1c24
1c09
6174
6c53
5368
714b
5171
566c
6e6e
7170
6d82
5b57
6074
7058
5f66
7480
6c69
4953
6451
927c
6179
706e
5a6d
5b4e
7453
7474
5b85
6052
7578
6168
827c
6e80
6646
6565
4256
6058
5548
6565
5352
5b64
6964
464b
5646
5d63
4252
4643
5864
6060
4860
3945
e366
0d6a
961f
a9b9
c7b1
8ae5
c783
cfd5
d8d2
d2e0
eae5
dfe2
dfdf
eada
d7e2
e8e0
dfda
e2e2
e8e0
daea
dae5
e5dc
e2e2
f1ef
e2df
c7e2
cacf
c6c8
c9c2
babd
afb9
c5c4
dfae
d0b7
d0d0
ddc5
86b6
2d85
842d
8287
4b88
574e
5757
8a59
8d90
8a85
745b
5b6c
474b
666e
5b56
6cab
414b
7464
3a3a
353a
3146
4837
3931
2439
282c
3131
3428
2034
2e26
252c
2836
281c
3b3e
332d
2d28
3b2d
3633
2d33
3b26
332b
2b2b
2b31
3323
1028
2628
2d1e
202e
1e10
1e1b
2016
2626
101c
191c
0211
2e1c
161e
2118
2126
1116
1e04
1620
161e
1816
0017
1c14
171c
1004
2613
1626
0c13
0400
2119
0c13
1016
1e24
180e
6479
6e53
5668
6943
4b74
5868
6c6e
6978
808a
5859
6070
7058
6468
6f71
686c
4b4e
574f
8a77
6071
6e6d
606d
6650
7153
7979
598d
5e52
7678
6c68
8669
5a85
6650
6665
4856
5e58
4d46
6765
5353
6c64
676c
3e4f
5846
5d62
4650
4846
5d60
606d
4765
483f
d2c3
1a40
b670
c2c2
98a3
8b95
d8cd
d4c7
ead2
dce7
e5e0
dae5
eae2
eaea
e2dd
eaea
ede5
e0ea
e0e2
e8e5
e2da
e5e5
e5e7
e7ea
efdf
daf1
d3d7
c6cb
c4d6
bdba
babd
c0aa
ceca
bbd9
a9bf
b7c2
a7c0
4a86
431d
8879
4b85
5353
5353
774b
8588
767c
746f
5b6f
574f
6c74
534f
8589
495b
7471
3a31
373d
3746
4840
3734
243c
262e
3131
3428
1e31
2e28
2631
2433
281c
363b
332e
2d2b
3b2d
362d
2d3b
3b26
332b
2b2b
2b33
3323
132d
2828
3926
242d
2014
201c
2816
262e
1320
1e1c
0711
2e1e
1621
2116
2026
1316
1902
181e
161e
1318
0013
1c0f
171c
1104
2413
1e26
131c
0404
2419
0b13
1116
1e20
160e
6179
6e50
5b70
664e
4964
5868
6e6e
6974
7788
5651
6470
6e58
6168
646f
686e
4e4e
574f
8569
6e75
6e6b
6068
644b
745b
7979
508d
5e53
7576
6c68
7761
5a92
6850
6066
484b
585b
4d43
6565
5356
6f64
5f67
3a53
5843
5b5d
484a
4846
5b5b
5870
4d6d
7836
a0d8
4e0f
aeaf
d3c4
7aa9
c796
d0d8
dfcf
ede7
dce5
e3da
dde5
d5e3
e5d5
e5e0
d8d8
dcdc
dddd
e5d8
dddc
d5e8
e8e2
e7e8
e2e2
efe7
e9e7
e2e7
cbcf
bcd8
bfc6
afc5
bab5
bbb0
d3c5
a9c4
f9d3
acb8
629f
2025
7964
5374
595b
494b
764b
7c88
7174
6c7c
5f6c
5f57
6174
4b47
9260
4368
7879
373a
3240
3748
5037
403c
243c
2631
3131
3428
2034
2e28
2631
2434
281c
3336
332e
2b2b
3b2d
362b
2b36
3b28
332b
302b
2b33
3623
1833
2e28
2e23
262e
2318
201e
311b
2628
1626
1f1e
0b11
2e20
161e
2016
1e29
1814
1902
1820
1319
1119
0211
1c11
161c
1302
2016
2326
191c
020b
2419
0b16
1116
1e20
140b
617c
664b
616e
5e57
5969
5670
6970
6e68
6f8a
524f
6070
745a
5f6c
6c6f
6c6e
4e4e
6f57
805b
7075
706d
5a6e
5e50
825b
8271
4e87
604e
7676
6e68
8058
608f
664b
5a66
484b
525b
4e43
6365
534b
6661
5b64
3a4b
5843
575d
4342
4a46
5555
555d
486b
af4b
60c1
a432
b5a2
e7ba
6eb3
dac8
ccca
eae7
e2e9
d8e0
ddda
dde0
d8d0
e8d8
d8db
ebd8
dde0
e2e0
e5e0
dddd
e2ea
e2e2
e2da
e7e8
e5dc
e1e2
e5e1
d1e7
c5d9
c1cd
b8cb
a9c9
ad97
c3be
afaf
ffe0
b6d8
85ad
1a34
8241
5174
5b59
4f51
7c47
808d
716c
6f79
5966
5b59
6064
5147
9a5b
4b8d
6c66
3d49
3248
3743
5040
4545
1e36
2631
3131
3928
2439
2e26
2831
2434
261c
3b31
332d
2b2b
3b2d
332b
2e36
3926
332b
2d28
2b36
3323
162e
3128
2e20
2e3e
231b
2323
241b
2626
1423
211e
1311
2c21
1919
1e18
1e29
1910
1904
1c20
1019
1119
0413
1c16
161c
1302
1e16
2324
161e
020f
2116
0c13
1119
1e20
140b
6177
684b
6470
6157
6979
5668
6870
716c
6f8e
5259
5e70
765b
6773
6c7a
686e
4b4b
745b
8557
607d
736d
5a70
5b53
745b
8a6c
5385
5e50
6d76
6c66
8053
6485
6850
5a63
4e4e
525e
5046
5f62
5143
575f
5e5b
3647
5d4b
595d
4243
4a46
5558
5b55
3970
bc8a
2c8f
be8f
a8b8
aa77
b486
d9db
e2da
dfed
e8da
d5dd
e0d8
d0e0
dbd5
e9d5
d8db
ebdb
ddd0
e5dd
dae3
e2dd
eadd
d8e2
e2e2
e8ea
e5da
dff2
eae2
e1f1
c6dd
c2d0
c9cc
b2b5
9fb0
c8b0
a2a9
c4b8
ccb4
a696
2254
5320
5382
5b5b
575e
7447
8595
7664
747c
5669
5759
646c
5341
7664
5382
7467
4149
4343
3a4a
684a
403c
1f36
2634
3131
3428
2439
3124
262e
2433
281c
3631
362e
2b2d
3b2d
3328
363b
3624
332d
2b2b
2b39
3625
162d
3628
2b20
2b2b
241e
2323
241b
2b24
1424
1e1e
1611
2121
1916
1e18
1e2e
1e11
1904
1e1e
0e19
161c
0413
1e16
161e
1700
1e16
1b20
191e
0413
2411
1316
1119
1e1e
140b
6477
7150
5970
7951
6971
5266
686e
716c
6d96
535e
6070
7660
6973
6575
6c6e
494e
6457
8853
5b8a
7370
5b70
5950
715b
856c
5382
604e
6076
6858
8160
5b6c
6b50
5665
5052
5360
5043
5f62
5346
5764
6464
3d47
5d52
5a5a
4348
4a46
5557
6552
4b6d
b4ac
484e
abbc
c5b7
a1b0
dda6
d9d7
e9ec
e1e7
e5d5
dddd
e0dd
d6d0
d6db
e0e0
d8cc
e9db
d5d8
e0e5
e5d3
dadb
ddea
eadd
e0da
ddea
e2da
dded
e5da
e9e1
d4ef
d1d1
b2da
bdb5
b7b2
b8a7
c9cd
9bb2
d0b7
bdce
2f8e
2f32
616c
5b61
535b
744b
9085
796f
7480
5966
6467
6168
6149
6e6c
5678
5f5f
3e49
4b47
4b5b
735a
423c
263c
2634
3131
342c
1e34
3120
2831
2434
281c
3636
362b
2b2b
3b2d
332b
363e
3623
3331
2b2b
2b39
3825
182e
3128
2826
2c2b
231e
2624
261e
2624
1624
1f1e
1011
211c
1919
2019
1631
2114
1909
1e23
0b16
1621
041c
2016
191e
1902
1e16
1626
1e1d
0419
2611
1319
1116
1e1e
110e
6476
7651
536c
8651
6c71
5069
646e
6c64
6588
565e
6476
7060
6774
5f75
6c69
464e
615f
8043
5b7c
6e6b
5a68
5b5a
7966
8665
5182
5850
6070
6860
855b
586b
6b52
5068
4a48
535b
5043
5f63
584a
5766
6167
4043
5d50
555a
4645
4a46
5d58
7055
855c
92b4
9928
b6a6
dfdc
8ea9
d7d5
e7e1
e9ef
d7e1
e9dd
ddd8
d0e0
d8de
dedd
d5e5
ded8
d8d8
d8e5
d6de
ddd8
dbe5
dae2
eada
d8e2
d4ea
e0e0
ede0
e0da
e5e0
daed
e1df
bec2
b2b8
bfbf
9e9b
b1b9
b8a2
dbcb
99d4
5da2
2530
6c49
5e5e
535b
804b
8585
7c6c
7185
6964
6c59
5664
6c49
6864
617c
6174
3b44
5354
5660
5860
4248
263f
2c34
3431
342c
2034
3120
2831
1f34
311f
3636
3628
2e2b
392b
3333
363b
3620
362e
2b28
2b39
3825
1c33
3626
2420
2c2e
2020
2826
2e23
262b
1620
211e
1616
361e
162e
2016
1426
2116
1609
231e
1119
1926
091c
1e16
161e
1702
1811
0e26
201c
0719
2611
1119
161d
1e1e
0f11
6479
7150
536c
7d51
6f6d
566c
646e
6c58
6186
585e
6478
7063
6d79
5f77
6868
464e
6c61
8543
5382
6e6e
5b64
6060
745e
8565
6188
534b
5b64
686c
8452
5a6c
6855
5065
4842
525a
4f46
5d60
5a4a
5966
6766
4243
5555
505b
4646
4a42
635f
5855
9b42
3aba
bc60
a8ae
8f9a
cb83
dbd8
e9ec
dce5
d8dc
e7d8
d6ce
ddd8
d8e9
e5e0
e5e0
d8e8
dbd8
e3dd
d8d8
eee5
e3e3
e5da
dddd
e2ea
e2d5
e0e0
e5e5
d5e8
e5dc
ddea
cced
ced7
c5c6
b5ce
acb5
c2a5
988c
ecc7
bcbc
8b98
2231
6030
645e
515e
774b
8585
856c
7492
595f
644e
4f5b
5e4b
7070
5682
696c
4343
5164
5060
705b
4852
243f
3436
3434
312c
2034
3123
282c
1e33
341f
3936
3128
3128
3626
2e33
3339
3620
332d
2b2b
2d39
3925
182e
3126
1e26
2e2c
1e23
2828
2b1e
2428
141b
211e
1618
1e21
1919
2616
1121
2416
1109
231e
161c
1326
0913
1e16
1623
1402
180c
0e26
201c
0419
2411
0b1c
1414
231c
0918
5b76
6943
5066
8651
6c6f
5664
606c
7853
6990
5b57
6376
6e60
6d7f
6472
6b68
4e4e
564f
8d53
537c
6e76
6066
6060
695b
8a6c
718a
4e50
5e5a
6468
784e
586e
6852
5060
4848
505a
5046
5d63
634a
6460
5e67
4a46
5257
5055
4242
4f42
655a
475a
b053
2175
bca6
bbc7
a088
dbb1
e1d2
dce9
dadc
e5d8
d5d5
d8d8
ddd8
d8d8
d0d8
d3d5
dcd8
e6d0
d3db
d6e9
e9de
dbce
e2e5
e5d2
e8d8
d5e0
e5e0
dae3
e8d8
ead8
d5dd
e0e5
c8e7
ced2
cece
cad0
b6a7
9bc6
a4ae
d8a9
adb3
2d64
481a
5b6c
515e
804f
8882
7c6c
7985
565b
6c4b
6459
645f
6c71
597f
6f76
464e
4b4e
4b5b
5e50
5852
2950
2f37
3934
312c
2034
3323
2628
1e31
281c
3936
362e
2e26
3b26
2d33
3139
3920
312e
2d31
2d39
3b2b
182e
3126
1e28
3333
231e
262b
261e
2823
1620
2424
1118
2620
1c16
2619
1126
2416
110f
2020
161b
1328
0919
1e14
1926
0c00
180c
0e26
2316
0718
240b
1321
0904
231e
0c19
5b7c
6443
4b64
774b
6c6f
5868
5e6c
8158
5f88
6049
6076
705b
677c
6169
6e66
4e4e
564e
8d53
647c
6c6e
5e66
6064
6c5b
8e69
748a
5358
564e
6b6c
7450
6070
655a
5365
4848
5358
5248
5d5f
5a4f
5356
565e
4a42
5557
4a55
4242
5242
6257
3e55
9b96
6913
b7b7
e5ee
8988
d2db
ece2
dcd9
d5dc
d5d5
d5ea
e0d5
d8d8
e5e0
dbd5
d8dd
e0d8
dbd4
d8d3
ddde
d8de
ded8
e8e0
e3dd
dbd5
d5eb
dbe3
ddd3
e5dd
d5e5
dddd
e5e5
d9e2
b3ca
b1ad
aaaa
afb1
afc5
ab9a
eece
b5e8
4697
2522
6674
595f
774f
8d88
7467
747c
4e5e
6f4e
7c7c
7464
8579
5b87
767f
3a46
4b49
4b53
4868
5848
2f50
3440
3934
3131
2134
3420
2828
1e31
2819
3636
3431
2b26
3626
2d33
313b
3e24
312b
3333
2d38
392b
182e
3128
2026
3433
1e1e
242b
2c20
3124
1626
261e
0e18
2624
1c16
2819
1126
2416
0e0f
1e23
1618
1828
091c
2316
1623
0704
1809
0e26
2316
0916
2409
1321
0907
251e
0c18
6087
6641
4b66
5f43
6c74
5666
5b68
8559
5c92
5b47
6070
6e58
6785
5767
6b68
494e
594e
855b
706e
746e
586e
6b63
6153
826c
6c82
5b5e
584e
7070
6450
636e
636b
5263
4848
5658
524a
5d5f
5755
4a50
5656
4f43
5557
4855
4242
5240
655a
643e
39ca
a418
a8a0
a1be
bc78
e1dd
dae9
d7e7
dcdc
e5dc
d5e5
dddd
d8d8
e5d8
d6d5
d8e0
e5d8
cde0
ded8
e7db
d3d8
ddd8
e5db
d5e3
dddd
e5db
d5db
dde0
dbe0
e3e5
e3d5
e0e0
f2e5
c2d6
bcb8
afbf
b4c1
c5a2
a68a
ccdc
abc3
6fb8
1d32
6e5b
5156
774b
8588
795f
7485
495f
6453
6474
6c56
8d70
5395
7c7c
414b
4947
4353
5868
534a
3153
3442
3a37
3131
1e34
3624
282c
1f31
2819
3436
312c
2824
3626
2d33
313b
3b24
332b
2836
2d33
382b
182e
312e
1820
312c
1e1e
242b
2c1e
2e24
1624
261c
1119
2924
1e18
261c
0f21
2416
1111
1e23
1818
1319
0919
2314
1120
0402
1807
1c36
2316
0919
2609
0f1e
0b07
231e
0919
6087
6e40
4b6c
5743
7474
5660
6068
825b
6192
5b43
6370
6e58
6f8a
575f
7070
4e53
594e
855b
635b
6e6e
586e
6c63
5b56
8a7c
7882
5869
604e
6870
6858
606d
5d68
5060
4848
5858
4f48
5f5f
5757
464d
5656
5540
5557
4855
4042
5742
5d5a
b140
005b
b651
bdba
9367
d6a7
e8da
e0e2
e1ea
dfdc
e5df
e5e0
d5e2
dddb
dbe9
d3e3
ebdd
bce8
f0bb
d0dc
d6e9
e7d6
dbde
e9e7
e9d5
ded8
d5e5
e5d8
e3db
e5e3
d8e8
e3dd
e0e0
e5de
d0e1
b5bb
dbb7
aac7
b8c8
7fa2
dcb4
c7b4
a2a2
2d58
7c3a
5151
7457
7785
825b
697c
515e
694f
4953
6951
745b
5e8d
7487
414b
4f4e
4359
5b64
585a
324b
3440
423c
3131
1931
3424
2629
2131
2819
3636
312c
2e28
3326
2d33
3139
3620
332e
2333
2d33
382b
1636
362c
1820
332e
201e
2428
2e1e
2e24
131e
281e
131e
2626
1920
2616
0f21
1e1e
1109
1e23
1e1c
1313
0913
2014
1620
1204
1611
1e2e
2314
0c1e
260b
071e
0904
231e
0919
6487
6840
4666
5b46
705e
5664
6868
7c58
6f92
5841
6373
6e58
778a
595f
736e
4956
5e51
855b
4b5b
6e68
5368
7363
6053
8a85
7c89
5b6e
6850
6573
7058
5b68
6673
4d5e
4a48
5f5f
4d4a
595d
5252
4b42
4a4a
553f
5a5a
4255
4242
5746
415a
7481
1302
bb8d
c7b9
919b
d4bc
e1e4
e5d9
dae0
dcd2
d2da
ddd0
dbd0
dbde
cbe3
e3d8
d8d0
bad5
d784
dbee
d6d6
e3e3
d5d8
e0e7
e5ce
d8e9
d5e5
e8dd
e2dd
e5e0
e0e3
dde5
e0dd
e2f0
e2e0
cbcb
c8d6
bea7
a7ad
7dba
aaa4
dbb7
9fa6
5594
741a
5161
7f67
7785
7f64
6c81
4b4e
5b41
6053
6456
7969
5a76
6c8d
535b
5b56
4368
6870
5374
3748
3742
4246
3131
1c34
3120
2429
2634
2919
3936
362e
2c2b
3628
2e2e
313e
3920
332d
2b38
3333
3b2b
1831
3628
2020
312e
1e1e
2426
261e
3426
0e1e
2420
1816
2121
1621
2610
1020
1e1e
200b
161e
1918
1818
0916
2016
111e
1a02
1611
161e
2411
0f1e
260e
041e
0904
231e
0919
6e88
684b
4664
5b46
6958
5866
5b64
7656
778d
5649
6476
6e56
6f71
6165
706e
4b52
644e
8a65
5058
6e6e
526b
745e
6458
7c7c
7c8a
5e6c
6353
6375
6850
6468
5858
5260
4a4a
5f63
5552
5962
504f
4646
4a4b
553f
5a55
4255
4242
5848
6150
1477
2812
aeaf
e7d8
91a1
d6ca
e9dc
dad9
d5dd
e2e5
dad2
e0d5
dbe0
d8d6
d3de
d8d8
d0e3
e4dd
928c
dee5
d6dc
d8dd
e7dd
ddd3
dde0
e5e0
ddd5
dddd
d8d8
d0dd
ddd5
d5db
d8e5
d5e9
e5d8
b9d9
a4a2
b9bf
94ad
a8bf
b199
ffc2
95d0
97a1
5345
466c
8864
7777
7864
6476
3a3d
5349
4951
6956
8569
5b85
6c9a
5f53
5b5b
5364
648d
5960
4050
3740
4646
3434
2434
3124
2828
2934
2c1e
3636
3631
2c28
3428
2c2e
3441
3421
3328
2b38
3333
3b30
182e
3628
1c1e
312b
1e23
262b
2e24
3621
0e21
1e1e
1816
1e1c
1421
2414
1019
1c1e
3128
1111
1c11
191e
0913
2314
1123
1904
1611
1824
2414
0b19
280e
0420
0c08
231c
0919
7482
6950
4b66
5943
6c60
5660
5b66
7058
6d86
5847
6476
705a
6d69
5c62
686e
4e4e
664e
8a5c
505b
6e6e
6070
705a
5b53
6c82
7c7c
606e
6056
6670
6b58
6060
6063
4d60
424a
5f57
5757
5d62
5051
424a
4648
5540
5d5a
404f
4242
5747
4d4d
121c
530b
b2af
93ab
bd80
e0da
e1e6
d8ed
e0d8
cbe5
d8d5
e0d6
cbd8
e0d8
cee0
d3db
e3e0
e5d0
63bb
dbba
dbe4
e9d0
d8d3
d0e9
e9e0
e0d0
d5e5
d8dd
e3de
d8d8
e0e0
e0dd
d8d8
d5e0
e2e5
d2df
b6b9
c1b2
a7e0
c5a0
ab8d
f9dd
a3cb
99a7
5b95
4677
8d64
646f
7656
6c68
3541
5b53
5158
7053
7c69
567f
71a0
5343
616c
4164
6981
6041
4b4b
3a53
403d
3431
2c3c
312c
2424
2934
2c19
3139
3931
2c24
3428
282e
3441
3124
3226
2b33
3336
3b31
182e
3128
181c
3126
2324
2633
2c24
311e
1021
241e
1316
2421
1420
2416
1616
241e
1118
1616
1e16
1926
0913
2314
1626
1904
1611
1624
200e
111e
260e
021c
0f08
201c
0719
7c8a
6c48
4868
5b43
716c
5661
5b6c
7053
677c
5a49
6376
7660
6971
547a
6d6e
4e56
6650
8561
5058
6e6e
6370
6b5a
5952
6c82
817c
5b70
605a
6e6b
6860
5265
634a
4260
4242
5d57
504f
5f62
4552
4042
4646
5542
5a5c
404a
4242
4f47
1d47
1210
890a
c1b7
888f
ccaf
deda
d9e6
d5ea
ddd5
cde3
d5d5
d8e0
d8ce
e0d8
d8e3
d8d8
e9d3
d8d0
6ad9
d773
dbe3
dbdb
d8d0
d8e3
d6de
ddd5
dde9
e0d6
d3e9
e0d8
e0dd
d0e0
dcd8
d5e3
e3e5
d9dd
aec7
cbad
b1b7
bba7
8a8c
acb4
bfc2
95c3
7f95
4774
765b
666c
8559
646c
3738
6864
5051
7050
8168
567c
6f92
5b4f
745b
5360
6860
6148
4048
435b
4548
313a
313f
2c31
2824
2c34
2c19
2e36
342e
2c24
3128
282e
3639
2c24
2d28
2b33
3333
3b30
162e
3624
131e
3326
2626
2633
2e23
2e21
1120
261e
1316
2626
161e
2416
1316
211e
0e11
1621
2016
1628
0b19
2414
1123
1702
1811
1120
1e0e
0f1e
260e
0a21
0c04
1e16
0716
7476
6951
4e6c
5e46
6c60
565e
606c
6e53
627c
5e4e
6876
7660
647c
5c6d
7068
4e5e
6650
8661
4b58
686b
606e
665b
6050
6c89
7f7c
5a70
5e5b
7066
655e
6066
6052
4a65
4a43
5a57
4747
625d
424a
4648
3d3d
5750
5a57
3c47
4242
4f47
1035
1015
b222
beb9
93d3
d8a7
d7dd
e5de
e5e7
dde8
d5dd
e0e7
d0d8
d3d8
ded8
dbdb
d6d8
e3e0
dbd3
9ce5
a144
dee5
d3d6
e0db
e3dc
d5d6
d8dd
d5e3
e0d4
d0eb
dbdb
e0e3
d8d3
e0de
dbe3
e3e0
dcdd
b3c8
b2ae
bcac
b0ac
b1a5
acc7
aee0
a8c4
8e8a
4984
7c47
5774
6c47
5660
3a41
6053
4851
8d4b
7979
5e7f
6766
5b4e
6459
4b76
6868
5b43
3750
3a50
4a48
3442
3c3f
2c34
2928
2e34
261e
312e
3431
2c24
312c
2b2e
393e
2420
3328
2331
3336
3b31
192e
361e
1624
3328
2326
232c
3124
2e21
1121
241c
111e
2621
141e
2416
1116
241e
0b0e
141e
1c16
1021
101c
2411
0e1e
1404
1e11
0e1e
1e0e
091e
2609
1124
0f02
1e16
0416
7c7e
6856
5368
6146
695b
5360
6066
7058
6785
5846
6873
7460
6479
596c
6e6c
4e5e
5f53
8564
4e64
6e68
5b6e
685a
6453
648a
8182
606e
666b
6868
6b58
6668
585e
5a65
5056
5d58
474d
5f5f
484f
4643
393d
575d
5a57
3a46
393a
4742
122a
0b15
ad41
e7a4
6ec4
e0ba
e9e1
dcd9
e0dc
d5da
dddd
d5e5
e9c8
d0d8
dbd8
d0de
d8e7
e0e0
e8e0
c9e0
654b
e0be
ebc8
d8db
d0e9
e9d8
e9db
e0e9
e3e9
d3e7
e7e3
d3e0
d8db
e3e0
d8e3
e0e0
dfe9
cad6
afb9
c5ad
c5c1
b4ba
cabf
c8c5
acb3
9893
5c93
7f4b
6788
644b
6060
3d43
5b4e
4346
8f56
7491
7179
6766
5653
535b
3a68
6c70
7448
2a4b
4053
5046
3745
3446
3434
2c28
3434
261e
312e
342c
2c24
3131
2e2c
363e
2e21
3328
2333
3333
3b2b
1931
361c
1828
3326
2326
232b
3126
3120
1620
2616
1826
211e
141e
2619
1118
2421
0b0b
131e
1c13
0920
1114
2014
0e1e
1709
1c11
1124
1e0e
091e
260b
111c
0f04
1e16
0916
7c82
6853
566b
6448
6960
5364
6066
7056
6780
5846
646e
7460
647c
5e6c
6e6c
4e60
5b4e
806c
4b69
6e60
566e
6453
5e53
698d
7e82
636e
6363
6e6b
6b55
5b68
5558
525d
4a4a
5a56
4548
5c5f
464f
4343
4848
555d
5754
3742
3735
4542
1222
0812
af64
9bb0
8778
dcda
e9d9
dcdf
daea
dbd2
cee5
d3d6
e3d5
cde0
e5db
d0d5
d6de
d5d0
d0d8
dcd0
397f
c790
d6e0
d8e9
d8d8
e8db
d5d8
d8d6
d0db
d8de
d8e3
e0ce
d0e3
e0e0
d3e3
e3e5
dfe5
d8dc
a8be
cdad
aad6
93b8
d291
b7e3
beb9
a088
5c93
8d59
7674
6153
6c53
323a
564e
4b46
785e
8989
647f
6f74
594f
595e
4364
7478
7843
3750
4e50
5048
404a
2745
3a34
3129
3431
261f
3431
3428
2e24
2e31
342c
363e
3124
3128
2531
3133
3b2b
1b31
361c
282c
2e31
2326
202b
3123
3120
1820
3320
182e
261e
181e
2e1e
141e
2024
090b
191c
1c19
041e
110b
1e16
0f1c
190e
1111
161e
1e0e
091e
210b
111c
0f04
1c16
1119
7182
6c50
5668
5e4b
645b
5374
6064
7158
6182
6046
6468
705b
698a
6864
7068
4b60
5651
7c64
4e71
7066
586b
6c5e
5953
7480
7686
6d73
6060
736b
635a
5b60
6553
5557
4042
5a50
4748
5c5c
404a
4643
4d43
555d
5255
3740
3937
4545
101a
0a12
c289
9bc1
c3a3
d9db
e7e1
e2df
d4ed
dbd5
cddd
d6d8
d3d6
d8dd
ded3
d8ce
d6d5
ebd3
d3db
e5e0
40aa
9867
deda
e3d6
d8d8
d8dd
d3db
e0e0
dbd8
d3e9
dbe0
e3db
d6e9
e9db
d5d8
dde0
dcd8
d0d9
a8b3
a4aa
a7a9
a5b5
b6a3
b9ac
d3cd
8889
5082
804b
5b74
644f
5b49
3243
4b4b
3a36
8260
857c
568d
8d85
5149
5664
4869
7174
6438
4153
5058
5856
4848
2740
3a36
3129
3931
261e
3431
3628
2c24
2e2e
312c
3641
2c24
3128
232e
3333
3928
1c31
311c
2e31
3331
2323
202d
3125
2e2e
1620
2c23
1828
3126
1e26
2c20
1624
1e21
1010
1916
1e19
021c
1307
1e16
111c
1911
0e11
181e
1e0b
091c
1c09
141c
0c00
1c14
111e
716c
6658
5366
534b
6453
5676
6064
7458
697d
603e
6470
705b
5e8d
745b
7068
4b60
574e
7c6c
4e6f
736b
586e
645b
5b53
7580
718d
7d7b
5863
736b
6860
6060
584a
5f5d
4045
584d
4748
5e57
394a
5342
4d50
555d
5255
3739
3937
3f49
0b12
1b15
ce98
dbe0
9ca9
d9da
e5e1
e2e1
d5e5
e5e5
e2e5
e5e8
d6d5
e0d5
cedb
d8db
e5d8
e6e0
d8d3
e3e3
7fd7
9062
e59f
d3cd
d3eb
dbd8
d8db
d8e9
e0d6
d0e0
dedb
dbde
e3e0
dbd8
e0d3
dee0
ebe0
d6d4
a3d2
ada0
bcb9
b4b1
caca
dabf
d8b4
94a0
3a72
7651
536c
604e
644e
3a41
4b4e
4632
686e
7c6c
518d
a57f
464e
5b6e
4b68
6c71
7449
2f50
585b
5e58
464e
2f4e
4745
342c
3139
2724
3431
3a31
2624
2c31
312e
3941
2e28
2b2e
232b
333b
3328
182e
3119
2836
3b25
2623
202d
3126
2e28
1620
231e
182b
3424
1c26
2c20
1624
191e
0b13
1916
1e19
0219
1307
1c16
111e
1911
110e
161e
1e16
0b1c
1909
1421
0700
1c11
0b16
7164
6859
5365
4f4b
6c5b
536c
6468
7458
697d
6456
6070
745b
618f
7056
706e
4b60
564e
856f
4b6c
736b
637b
635a
5e56
758d
7492
706e
525a
6b60
6b5a
565b
6348
575d
4048
5648
4048
5c54
484a
5048
555b
5b62
4a52
3739
3c39
3f44
100f
300f
adb3
e0e4
aa6d
d1e5
e5d9
dcda
d4e5
d0da
d4d5
d8d0
d5d0
cde0
d8db
d8cd
dbe0
ded6
e5d6
dde0
a9df
8253
b292
d8d8
e0de
e3ce
e0e3
d8e0
ebe0
e3e5
e5eb
dedb
e0de
d8e3
e0e0
e0de
e5e0
dbd2
c4e0
c5be
b9ca
bab4
b7ba
e6d3
e3c2
9fb6
3267
7159
5764
6864
5b46
3a32
5650
3a35
7050
6171
6189
a864
5167
6169
646c
6c89
9159
2f58
4b50
6660
4850
3550
524d
3431
3a3a
2c21
3134
3631
2624
3139
312e
393e
3126
2b31
262e
3939
3928
182e
3119
3136
2d20
2d25
262e
3128
2e28
1026
261e
182e
3621
1e26
2620
1624
181e
0e19
201c
2118
0420
1107
2018
1120
1916
160e
2026
1e11
111e
2011
1926
0404
1e11
091c
6c61
7053
5366
4e49
7756
536f
6468
7458
5f82
6c51
6070
6859
6482
6c59
766e
4b68
5b4e
8077
4b6f
736d
6075
645a
5b52
7f88
7196
656e
4e50
6860
6853
5e64
6046
5a5d
3a48
5545
3f4a
5c52
4248
4046
4d3d
525d
454d
2f39
795f
2e36
0b0f
430d
a9af
7599
c084
dee5
dce1
e5e1
cdea
ddd5
d3e8
d8d5
dbd8
cbd5
e0d5
ded0
ced0
e3d0
d6d3
ddd3
b2d8
6069
918a
dbd5
dedc
ded3
ced0
d8de
d5db
dbd8
dbd8
d8dc
d3eb
e0d8
d8d3
d8e0
e0d8
d2d2
c1d8
b6b6
cdbd
b7b7
c0b5
ebc0
d0ab
96c5
2a43
7161
5764
746c
4b3a
3535
5858
3832
6e4e
5e81
6685
8766
565f
5b61
5869
608a
7859
3d58
3d50
685e
5861
303d
4540
3131
3c42
2c1f
3131
3631
2424
343c
2e2e
393e
3128
2e31
2b2e
3836
3928
1c2e
311c
3336
2b1d
252b
2328
3626
2e26
1b28
2423
1826
3621
1c26
261e
1820
1e20
101c
1c1c
2016
0926
1107
2316
1420
1916
160e
1e26
1e07
1620
2316
1924
0400
1e11
091c
6864
6e53
566b
4946
6d53
536f
6068
7853
5c82
644b
6970
665b
616c
6964
706b
4b66
5e4e
7474
4e6e
736e
5e68
6458
5b4e
7c7c
748d
6476
4b47
685a
5e53
6363
5740
5a5d
3948
5542
424a
5a52
4a57
423a
554d
4d5d
474c
262f
8c68
1248
080f
490b
b9b9
93b1
c8a6
cfe1
dfe4
dfe1
d0e5
ddd4
cde0
d5d8
d6e0
d8d0
dbd6
d3e0
ded0
e6d8
d3d3
ebde
dcd3
568a
8e6a
dba0
dcdc
cbd6
dbd3
d8e6
e0db
d8eb
dbd8
d8de
d0d8
e0db
e3d8
d8d8
e9db
d2d4
d2d0
a0ad
ad9c
b1b7
d6a3
afbc
cec7
7ec6
3232
7160
5058
6451
4840
3a38
4b52
492a
7052
5385
6c6e
7676
5b59
5b64
536c
6074
7160
324b
4351
6960
4850
3d48
3d38
2931
3a3c
241f
312c
3634
241f
313a
2c29
3a3e
2c2c
3131
2e2e
363b
3928
1c2e
311e
313b
331e
1e2e
2326
3623
2d28
2033
2623
1626
3119
1e2e
2624
161e
2626
0b21
1919
1e19
1128
110c
230f
111e
1811
160e
161e
1c07
1620
2416
1924
0900
2314
0918
6464
665a
5368
4e46
6c53
5371
6066
7453
5782
644b
6170
6c53
6164
6464
7066
4b64
5f4e
7474
4b69
7370
5b68
6464
5e4e
7d7c
7086
6070
4b47
6452
6058
5860
5d48
5257
3d40
5547
4f4f
5a5c
464a
403a
5752
4965
3c4d
3624
686f
1745
1224
5405
c2cd
d7d0
d591
cbd9
e1e9
dde5
d0d5
d5d5
d0e3
e5dd
cdcd
cde5
e7db
d8cb
d0e0
e3db
d3cb
e6db
dacb
5eaf
735a
b990
d4e4
d3cb
dbd8
d0e9
dbd3
cbe3
dbdb
d8e3
ded3
e7e0
d6e3
e3d6
ebe3
d3da
d2d5
a8b3
a8b0
b1a2
d5a3
d2c2
bdda
6bd3
382e
6961
5e64
5346
4648
3735
4b58
502a
6658
5679
4e74
877c
536c
5b64
5b6c
6485
6c5b
4153
4851
6e61
4848
404e
403d
3131
3c39
2721
392c
393a
2826
2c36
3129
3a42
2c26
2e31
2e31
363b
3626
1c2c
311e
333b
3323
232e
262e
3128
2e2e
232e
2b28
1928
2c18
1e33
201e
161e
2626
0e21
1919
241e
1426
130c
1e0b
111e
130e
160e
111e
1e09
1020
2816
1929
0c00
2316
091c
6060
6660
4e66
5346
745b
5679
5b68
7453
657d
694f
666e
6956
646c
605b
6e66
4b64
614e
6c71
4869
7370
5a6b
6e6c
5b56
7d74
7182
5a6b
4849
6b56
5b5a
5860
5a42
494f
3c42
554a
5755
5c5d
4042
4043
504a
4c5f
3939
3124
7065
135e
1f28
6705
c7b9
a1e0
cd88
d3d9
dbdc
dadc
d8cd
d3d8
ddd8
dbd3
d5ce
e0dd
dbd3
d8d0
d3e3
dbd8
dbcb
dbd3
d4e0
76c7
5e5b
8d82
d0cd
ddd0
e0d6
cbd6
dbd8
dbe4
e9d8
d0d8
dbe9
e3e0
dbd0
d8e3
e9e3
d6d4
d2d0
aec5
b6a2
a0aa
bdaf
d8cd
d0ca
66de
3220
7164
704b
5859
434a
4835
4a5e
5b2f
6663
5b82
6166
8989
598d
6958
586c
6185
6c58
4360
484b
7064
4650
4659
463d
3640
3c39
2c26
3a31
393a
2c2c
2c3a
342c
3145
2c24
3131
2e2e
393b
3625
1c2c
2821
333b
2e1e
252b
232d
3126
2e31
232b
2b26
1e2b
2818
1b2e
281b
1826
2126
0e21
1616
2420
1126
1107
2009
161e
1311
1c11
1320
1e07
0e1e
2818
1c29
0c02
231c
0b1c
6464
6658
5666
5646
7467
5879
5b64
7853
6d79
6053
6168
6959
6469
6464
6e66
4b66
564e
6c69
4666
6e6b
5a6e
6868
5b53
8279
7686
5870
4849
6b56
585b
565b
5239
4752
3c3d
5a4a
4755
5a55
3d48
423d
5a48
3955
5f4f
3e1e
b69f
3694
0c24
7405
b3af
799b
b29e
ded6
d1db
b1b9
dbcb
d5d0
ddd8
cddd
e7d5
d8e9
d8dd
d3e7
e9d8
d0d6
d8e0
e3db
e0dd
95c9
5f63
6167
d888
cdc7
e7e3
e0d5
dbe3
e6d8
d8db
ded8
e9e0
dbdb
e3db
e0e3
dbdb
d9dd
dbcd
a4be
ae96
9ea5
c0a3
d0c2
bcc5
5be0
301e
7868
4b32
5e69
4348
4b35
505d
5e3a
6e5d
5e85
5e69
7c8d
6469
695b
5378
6c6c
706c
5153
4360
7e68
505e
354e
423d
3c37
3c45
2c2c
3a3a
3a3a
2929
2c39
3424
3145
312c
3136
282d
3636
3b26
1e2e
2824
3636
2e1e
252e
232e
2e25
2b2b
202b
2626
1e2b
2613
1b23
342b
1026
2426
1328
1313
2120
0c29
1104
2009
161e
1316
1c14
1923
1407
1120
2411
2129
0902
1e16
0f1c
6868
6650
5b68
5e46
6c64
5371
6466
7858
5b7d
595b
5e5e
6859
695f
6c6c
6e6e
4e68
534e
6c6c
4a66
6e6e
5e70
6c68
5b53
8d7f
698d
506d
494e
6b53
5b5a
525a
5240
4752
3c39
5a47
4057
574f
4348
4240
5555
2b4f
361b
5126
e4cf
53ab
1239
7008
b6cf
a2a5
d2ae
d8d1
c7d2
afc3
dbba
ced8
cde5
e3d5
e5cb
c6d8
ded8
d0d5
cee3
d8e3
e0d0
d3db
d3cb
9fdf
5961
6f5f
8b6f
a781
dde0
e3dd
dbd8
dbdb
d8e3
e9d8
d8e9
e3de
d8e9
e3e3
dbe0
d4ee
e5ca
89be
a37d
aec6
c39e
a4d2
ceb2
4bd8
2a1e
7464
5338
6464
4348
4636
5658
8758
6e7d
5b60
5e5e
7c8a
5061
595b
536c
716c
5b58
585b
436c
8560
4e56
3046
4648
3431
3c45
2f2c
3a3c
363c
3636
2e3a
3429
3142
2e2e
2e31
2833
3336
3e26
2434
2c24
393b
2e23
2633
232e
332b
2b26
202b
2628
262c
2616
201e
342c
101e
2426
1c2e
1313
211e
1129
1104
2009
161e
1118
1c11
191e
1609
1924
200e
2126
0904
1c16
1118
7869
6c50
6068
6043
585b
5268
6c66
8159
5c7d
514f
615e
6959
685b
6669
7670
4e6e
514b
6e64
4974
6d64
5e75
746c
5353
856c
648a
4a63
464b
6858
5e53
575d
523c
4a55
3d3d
5b47
4757
554f
4240
4248
555a
2852
2602
533e
c9bb
2d90
172c
7008
c7c7
b0f0
cd80
dcdc
c5ca
c1b6
d5b3
dbdb
cdcd
d8d5
dbd8
d5cd
ddd5
d8db
cbd0
e0db
ded0
d3c8
d0d8
c7dd
5f7c
7f77
7790
dd99
d5d8
d8d3
d0de
d3e6
ebd3
e3ce
cbdb
e0db
d3db
d0e9
e0e4
d4de
d2cd
9fad
839f
a49d
c3a3
c3ca
c0d0
43d6
2e20
7964
513a
6e64
4358
4e35
425d
8450
5065
5650
5b56
6c76
5869
5353
5869
697c
6c61
4b64
485b
815e
405b
4356
483d
3435
3a42
3527
3a3c
363c
312c
2e3a
3631
2c42
2e2e
2e31
2836
312e
3928
2434
2824
393b
3123
262e
262e
332c
2b26
232b
2b2b
282b
2816
2021
2e24
1124
2426
192e
1813
1819
1126
1304
1e09
1b1e
111e
1811
181e
1909
1e23
2114
2126
1009
1c18
1018
7c6c
6c4e
686e
5b4b
5258
5268
7068
825b
5f7d
594f
6468
7059
6464
6064
6e6e
5670
5349
6961
4b6c
665a
5a78
6c64
5360
7c71
7185
4e5b
4b4e
6856
5b52
5758
524a
4d55
3d39
5a45
4254
5d55
4348
3c4a
4742
2e4d
2b11
5b5f
aea3
2398
1221
6805
c7bc
92db
bc75
e4d4
b7d6
f1d1
d3d8
d0d8
d3d5
d8d5
cedd
d3d0
d6d0
d0e0
dbd0
ded6
c8db
ded0
cdd5
bdca
6f76
7272
7d8e
ddc7
ded8
d8d8
dee0
d3d3
dee0
dbdb
ddd3
e0db
e0de
d8d3
e3e0
d1dd
c2ca
9ba0
a9b6
b2ab
bca6
d8b4
d0c0
40d0
3228
8561
5341
706c
4358
4232
3f58
5634
4856
524b
6c5e
7c85
4b3a
5b5b
5866
6870
7c68
5164
5053
7868
4060
4051
5646
3737
3c45
3527
3a3d
3642
2c26
313a
3631
2742
2e2f
2c31
2c31
312e
3328
2431
2624
3b36
2e28
2428
2c2c
362b
2b26
232b
2b25
2e26
281e
2129
2924
1326
2424
1c2e
1616
2019
1128
1307
1e09
1b23
1620
1e16
161e
1909
1c20
2016
2126
1909
1816
1619
7871
684e
686e
5b4b
535e
5060
7068
8258
6582
5b54
6070
6951
6960
6058
706e
566e
5646
6c70
4b5e
665b
5a78
645b
5969
826c
7085
4a60
534e
6858
5852
4d58
6542
4855
3c39
5745
4252
5d4f
434d
4748
4555
393c
8829
233b
b696
2d9b
1720
630a
ada6
6897
b9a1
d3d1
cfde
c0ba
dbd5
cdcb
d5e5
e3d0
e0c6
d8dd
e9d8
d0dd
cbe9
e0e0
e0c6
c5d3
c7cc
74aa
6a66
704f
7367
e8b2
ddd0
dedb
d3e3
dbd6
e0d8
d3e0
dbd8
e0e0
d6e7
e0d8
e3e0
c3e0
b1d8
bfa8
9fbf
b198
bca6
dbb9
bace
43d0
3225
6961
5138
6c66
3a58
422d
4055
5245
5e65
483a
6470
706c
4b48
6453
5371
646c
5876
5378
4e56
7c76
3d50
4056
5053
4037
3d4a
3727
3a40
3a42
2c27
393c
372c
2942
312c
2c34
2e2e
3634
332d
2431
2424
3b39
2c2b
282b
2e2b
362c
2b26
232b
2d28
3126
261e
1e28
2924
1626
2424
2429
1318
2819
1129
1709
240e
1c24
111c
1911
181e
1909
2320
211c
2120
1e09
1914
1e1e
7678
6c48
6e68
6153
5b5e
5064
7468
7651
657c
6457
606e
6658
7959
5b58
7370
5366
514e
6c6c
4b64
6058
5a78
6859
4b64
7c71
7082
4b63
4e4b
6858
6358
4d55
5d42
4857
393d
5a45
4255
5a4d
4048
4f42
454f
3c39
a226
1e7e
c1a7
4dc1
1719
6602
c3c2
9dac
d5a6
dcdf
e7e0
d5dc
cdd5
d5cd
e0d3
d3d3
e0d5
d6d3
e0d3
cbce
e3e0
d6d0
d8d0
cadc
a1c0
6974
4957
4947
785f
e89c
d8d8
e0eb
cbd3
dee3
e0d3
e0ce
dee3
ebe0
d6db
d8eb
e0e0
d7d8
cdd7
b6b7
b1a6
b6b3
d3c7
aad4
baaf
47d0
2a23
6464
5132
6c5f
3a58
5032
6352
665d
5863
4e42
5b70
5966
4b4b
6153
6685
6478
616e
4974
5860
9170
404b
3756
4846
3c3d
4545
352a
3d40
3445
2c24
363a
372c
3445
3131
2c3a
312e
3136
312e
2434
2424
3b3b
2c2b
2c2c
2c26
362e
2b28
2028
2b28
2e2b
261e
1e21
2e24
1626
2621
282e
1113
2116
1129
1704
1e0e
1c23
1119
160b
1e1e
1609
2c20
2c18
2021
1c09
1e11
1620
7870
6e56
6666
6653
5b5b
506c
7468
795e
5c74
614f
5b68
6958
8559
5053
6d6d
506e
5351
6e61
5b6c
6863
5b73
696c
4970
7c79
6c74
505e
4b4e
6858
605a
4d55
5748
4755
3c3d
5a45
4255
5755
3d40
4a40
3c48
363c
452b
2d60
cda0
66bb
1221
4b04
bbc2
bec7
d88e
cfdf
e6e6
dddc
d4d0
d0d5
d3db
d3db
d3d3
dbd3
cddb
d8d6
dbd8
c8de
ccd5
becc
6b88
425a
6d41
86af
5524
dda1
d5e5
d4d3
dbd3
e3d6
d3de
e6db
ded8
dbdb
d6d0
e9e5
dbdb
d7e9
ccd2
abb9
a090
a4a5
cdb0
c7c2
c3d8
43d8
2a1d
797c
5338
6e6c
3d50
4632
7058
7678
505b
6658
646c
6070
4343
5950
6e70
6179
6882
3a6c
6358
8574
4650
3d58
403d
3c3d
4545
372f
3d3d
4048
2f27
3134
3a31
344a
2e31
2c34
342c
2e34
312d
2436
2427
3336
2e2b
2334
2c26
362e
2b28
232b
2b23
2e2b
2920
1e1e
2626
1826
2419
262e
1916
1910
1329
1709
1e0e
1c20
1117
1611
1e1e
1109
1e23
2618
2021
1c0b
2010
141e
6e68
6e50
5e66
754b
655f
4871
7469
7e58
6782
514b
6066
6953
7c53
4b4b
6d6d
586e
5b4e
7464
5767
6860
6075
6c69
4364
827c
666e
4b5b
464b
6653
6750
5855
4d4d
4552
3c42
5a45
3f4f
4f55
3d3f
4a3c
3a47
3636
332c
2836
c487
5a87
0f13
490a
bbb4
bbdc
c77f
cbe0
e8e1
ddd9
cde0
d8d3
c6e0
e3d0
d3ce
c8e0
dddb
e0cb
c2db
dddb
cfbc
71aa
495d
5e3c
d6a2
b1d8
2867
e591
e3d8
d8d5
dbe0
d8e0
e0de
ded6
dbe0
d4e0
e0de
d8e0
dbe3
cee5
cacd
c4d7
a5ab
998d
c3b1
c3c2
ccc8
41d0
2a22
6969
644b
6c67
374e
4032
5855
7578
5355
686c
5964
6471
4b59
4b43
6e5b
5b87
536c
4860
815b
7868
465b
3d59
4640
4031
4652
3d2d
403d
3c45
3127
3434
3c2d
2d45
312f
2c31
3626
3636
2e33
2936
2127
3636
2e2b
2434
2c24
3631
2e2b
232e
2e20
2e2e
2920
2021
2821
1826
1e16
212e
2118
1c18
1328
1611
1e0e
1c20
1113
1311
1e1e
1109
161e
2616
2126
180e
2616
141e
7470
6648
5b66
6f4b
6758
4375
7068
8256
6182
535b
5e5e
6e53
7958
514f
737b
5b6e
5b4e
7f65
5167
6858
6075
6968
4364
8a79
646e
4b60
464b
6553
5852
505b
4d47
474f
4250
5742
3f4f
4f52
3d3c
4d41
3945
3136
3129
2e37
e87f
afb6
0c26
3807
a3af
67c5
bf88
c7e2
e6e1
dae1
cde5
dbd0
c8de
d0d0
d8dd
d0cd
dbd3
d0d8
d3c8
ddcd
88bf
4962
634a
cb99
d8e9
e2cb
7ad7
e065
d6d8
d0e7
ded8
cde4
e9d6
d8d3
cbe3
e3de
e3d3
d0db
e6e3
d1d5
cdcd
b1ca
a3a3
9c93
cbab
d6b7
c3b2
49d4
2b20
7464
5f64
6c64
4868
4627
3755
8658
5b70
7174
5e60
6889
4851
4148
705b
6481
706c
4070
8259
6464
4358
4658
4e50
3c38
4e4e
4635
403d
3c40
2d27
3434
3a29
2a42
3a2f
2f34
3424
4c41
3641
2c3a
1f27
3b36
2626
2433
2826
3631
2e2b
2833
3123
2e31
2c1e
2424
3126
1931
2416
202e
261c
1e21
1126
1c19
1e0e
1823
1413
100f
1e1d
0909
0e16
2618
1e26
160b
2614
181c
7170
5e46
5a66
614b
6557
416f
6c60
8256
5c86
6164
5e66
7053
7959
4353
7370
6370
5b53
7761
5767
6e53
5e75
6768
4766
8a6c
6676
4b58
4a4e
605a
504a
5058
4d45
474f
4a57
553f
4755
4f55
3c3c
473f
393c
3136
3127
3637
e061
89cf
0a2e
220a
b3a2
a3a9
bca2
cbee
e1e1
d5dc
cbd8
dbd3
c8dd
dbd8
d0dd
d3d5
dbd8
c8d6
ccc7
b6d1
4764
5d52
c78c
e9de
cdd3
dbdb
d0e5
d3a6
d0d8
cde0
ded3
cde3
d8db
dee0
dbce
e0db
d8de
e0d3
eede
ced0
cacd
b6c7
939e
9e90
e2ae
afb9
d8b7
50ba
2a1c
6771
5764
6c6c
4b70
4a2d
4855
7a70
6475
6168
5351
6c85
3a3a
5351
6c74
746e
7e81
4368
6448
7468
435b
4656
5856
3743
434e
412d
3d40
3d3d
3129
3434
3a29
2a45
3c29
343a
3624
4c44
343e
2c36
1f2d
3931
2625
232e
242b
392e
2e2b
2636
3323
282e
2e1e
2626
2e26
1e34
2616
1e26
2420
1e2c
1324
2019
1c0e
1826
1417
130c
1c1e
0709
0e0f
281c
1c26
130e
2411
1c1b
6c74
6348
5368
654b
625c
4171
6c5b
7e56
5f7d
605b
5868
7156
7459
4351
6b6d
606d
6d53
6a6d
5975
6850
5e75
6468
465b
8264
6878
4b60
4a4b
6660
554a
5055
4d3f
4d55
454f
5542
3f51
4f52
393c
3f39
3936
2936
3225
3931
4841
2b43
1719
1a0f
bb8f
dabd
99aa
d3e5
e9dc
d8dc
d3d0
d0cd
d6db
d8e0
d0c8
d0e5
e0d8
d8c2
cfd9
4da0
5a41
cb89
eed5
d0e5
dbd3
d6d0
d8e3
e0db
e5d8
dbe5
e0e3
d0e0
e3e6
d0de
d8db
e3e0
d3d8
e0db
e3e0
ced1
cacd
b4ca
9396
9f93
bfc2
ddbf
d5c7
5ca2
302a
6c71
6457
6c77
325e
4831
4050
7368
635d
606c
5356
7064
3a40
6441
6476
6976
6c60
3a64
5051
7c69
4059
4e61
585e
4043
434e
463d
404a
3d3d
352d
3535
422f
2a45
422a
373a
3627
4e41
363b
2c3e
1f2f
4131
2828
262e
242c
3b2e
332b
2536
2e23
242e
2e20
2624
2e29
2034
2618
2026
2120
2431
132c
1e19
1c0e
1d26
1219
180c
1e1e
070f
0e13
281c
1924
110b
2611
1e1e
6881
684e
5368
5c43
6567
4874
6e5b
7159
5975
6053
586e
7158
7659
4651
6b75
6068
5c51
6d6d
5c6d
6853
5a6d
646c
4364
8d64
647c
4e60
4349
6658
5550
4f5b
4f47
474f
3945
5242
3c4d
5555
3539
3636
3634
2636
3225
3935
3f3f
3f3e
101a
100f
c378
c7ca
7da2
dfdd
e4d7
dae1
cdd5
d6d0
cddd
cdd3
d6ce
e0d6
c7d0
d1cc
74c9
5b41
b28c
e7ce
dbd6
cbce
d8e7
d8ce
dbe0
e0cb
d8d8
d8d5
d3d8
d6db
dbe6
d8ce
d8e9
dbdb
e9ce
e0e0
e3e0
d5db
cac7
aec5
9896
a894
bac5
b7c2
ddc2
7e9c
3835
6669
5f53
6c6f
436e
4a2a
5055
7065
606d
665e
595b
706c
403a
6048
5b64
7c76
7964
4082
5159
7168
3d51
6166
5949
4b48
5058
484e
5050
403d
342d
3534
3f2d
2d45
3a2d
373a
3627
4c41
3c3b
2c41
1f2d
492e
202d
262e
2c2e
3e33
312b
2636
2d20
2031
3124
2926
2c28
1e36
2613
2026
1e1c
2131
162e
1619
1e0b
1e23
0c17
110b
2420
0919
0e13
261e
1926
0b04
2416
1b1e
6481
6e56
5866
5943
676f
4371
6e58
6e59
5471
614b
6070
6e58
7c69
4357
6e6d
636e
5f53
7a6d
5a68
6853
606d
5e70
4364
8a64
6479
4b63
4846
635a
5055
505d
5048
454f
4042
4d42
423f
4f4f
3137
3634
3636
2736
3227
3635
3f3c
3136
101f
0d12
b05a
aea8
a68a
e2ca
e7d7
e2e9
d0e5
dbcd
c6db
d5d5
d0d8
cbd5
ccd8
a6d1
4d57
cb7d
dbdb
e4d8
d8c8
d8d5
e3db
d8d0
cbe0
d8d0
d0d5
d8e0
dbd3
d0e3
d6db
dbdb
e6d8
d6db
e3e0
d8e3
e0d8
c6cb
c7c2
a9c7
9396
ab98
b2d0
babe
e3bf
8b91
4058
697c
5343
6e6c
325e
5031
6855
6365
606d
795b
5b6e
6c74
373a
5343
5b6c
7182
696c
4b66
5b5b
7c68
4361
4951
6859
483a
4e56
4848
4b50
4240
352d
3a37
3f2d
3245
372a
343a
3626
3e3c
3439
2e3e
1f2d
3b28
1e28
2628
312e
3e33
312e
2833
261e
202e
3124
2926
2e26
203e
3c11
202b
2020
1e31
1929
1e16
241e
2323
0916
1119
201e
0b1f
1109
261e
1626
0b04
2414
1c1e
607c
6856
5365
5743
6d6d
3d71
7058
6858
5466
5354
5068
6e50
7976
485b
6b66
6670
574b
816d
5760
6446
636e
566c
4353
7c64
6870
506d
4b46
5c58
5050
505b
5240
4d55
4245
4f42
423f
4855
2f2f
3634
3436
2736
3127
3631
3f3a
2c36
1c21
0c1a
a937
b0a2
8da8
e691
dbd9
dce1
d6e5
cdd0
ced0
d5d8
ded3
c1d3
d7d1
548b
c37b
e9dd
d6cd
e0e0
dbd0
d5d8
d8d3
d3e0
d0d8
d6d8
d8d8
d0e9
ded3
cbdb
dcde
d8d8
d3e3
dbe0
e0d6
dbde
e8e4
d0c6
c7d0
a6c7
8a95
b19f
c2db
b4aa
cdce
8f91
4e79
5b87
5636
686c
3543
5742
5547
6b5d
5265
7466
606c
706c
374b
4e4b
5874
616c
6853
356e
6458
7970
4b59
4353
5350
4343
4353
4837
4b4e
4850
3727
3d37
4531
3246
3a27
313e
3c31
3c3a
363c
3141
252f
3b2c
1e2d
2628
3333
3b33
2e28
2636
2b1e
242e
2e24
2e2c
3326
263e
3913
1e28
2629
212e
1926
3a13
1626
2323
0f19
111c
231e
091c
1c0b
261e
1826
0e0b
1e0e
2424
6079
6846
5065
5343
6965
3a6c
7058
6b5e
5f68
515c
5069
6e50
7769
4957
6b6c
646d
5347
7a69
5760
633d
5b68
5b66
4353
7164
6879
5065
4646
6458
5055
4e5b
4d39
5555
3c48
5540
3c4d
404d
342c
3634
343b
2534
2f27
3c31
3c3c
2934
1a29
1217
ac22
cabc
aad7
db72
d6e1
dcdb
d8e5
cdd8
d0cd
d5d0
ddc8
cbcc
72b7
a96c
e5e2
e0d8
e5d6
dbe0
e0e0
d0e0
dbd6
e0db
ddd3
dcd8
dee9
d0de
e7e3
e3e3
e0e9
e4d4
cedb
e3de
dbd3
e0e3
dae3
cac0
c5ca
98bc
8a8e
c5a5
cdcd
c3dd
c1cc
998a
567d
4b64
5338
5868
3753
5740
3a45
5555
5b62
746e
6064
716e
5051
4b53
686c
746c
6453
3773
584b
786c
515b
404e
5b5b
4b50
434b
4340
4b4b
4640
3727
3b2f
422d
3242
3122
343f
4131
3c3a
363a
343e
2529
3e31
1e36
2821
3333
3b33
3328
2b3b
2e26
2836
2c20
2e2e
2e24
2639
2416
1e2b
2121
2029
162e
1613
1c10
1e24
0f13
1119
2020
091e
1e0f
211e
1e26
0e11
200e
2624
587e
663a
5065
5143
6f65
3a6c
6858
6858
5468
5961
5868
6e50
7569
4b59
6d68
636e
594b
7d71
5260
683d
5866
5860
4653
6c53
6b70
4866
4343
7666
5658
5860
4540
5252
3948
4f3f
3145
3c3f
372f
3634
3436
2131
2922
3c36
393c
2934
2a27
1f21
7412
c5c0
9fc6
bc5a
d1e0
e5e1
d5ed
d0d0
c8d0
dbd0
d0d5
98ca
af7f
e3cd
c8d5
e3ce
d5d0
d8cb
cdd0
d3d5
e0d0
d8c6
cbe0
d4e0
ccce
d0dc
d3db
d8d8
dbd6
e6d3
d8d3
e6db
dbd6
dbe3
d0d3
cdc0
cdc5
93b9
948a
c5a8
c6c7
d0bc
b4d6
9281
4b73
5161
5f38
5868
2f50
5537
3445
555d
684f
5e6e
5364
706c
4248
6053
766c
786c
5356
485e
5060
7068
5160
414b
5b64
5358
614b
4364
504b
463d
312d
3a35
3d2d
3242
2c1f
3642
3a2c
3a3e
3631
313c
2729
4131
1e36
2e20
3636
3e36
3633
2636
2e20
2836
2c1c
2b2e
2820
2036
2616
232c
1e26
212e
162e
180e
1c16
1924
1313
2021
2323
071e
2011
1e21
2931
0e11
2410
2826
6079
663d
4b60
5343
6d67
356f
6458
6656
4c66
615c
5368
6c56
795b
4359
6e60
686e
5346
8079
4c5a
683d
5666
5158
4353
644b
6b69
4e6d
483d
6465
5556
535b
4248
4f52
3647
4f36
2f47
3c37
3734
3434
3436
1c29
2921
3636
3736
272f
2f1f
1a32
5112
97af
8cc0
999b
d9e5
e7de
dced
d8d0
c3e0
cbd5
bcd2
9c99
e0c8
d0e3
dbcd
e6d6
d0d0
e6db
dbd0
dbd3
c8d6
d8d8
d8db
ccd3
d8db
cbe6
dbd6
d3e3
ded8
d8dc
d6d6
e3de
dbd6
dbd0
d0de
cac2
c1c5
8ea9
9f8a
d2a9
c8a9
c0c7
9ddd
908e
4b5d
4f61
5e38
5064
2f46
5237
3c3f
4a5b
6052
5b5b
4b64
6c40
4350
6450
6c7c
716c
4658
3d56
4e58
716c
6468
4b53
6459
5858
604e
4b61
5158
4a48
3527
3a35
3f31
3245
3427
3a3e
362c
363e
3a2e
2f3c
272a
412c
2034
2e20
3333
3b33
3633
2633
3423
2836
2e1e
2e2e
2623
2336
2418
262c
1e26
1e29
1128
1611
1b16
1924
1313
2624
2020
0419
2017
1e21
292e
1916
2011
2423
617c
6837
4b5e
5943
6d6a
356c
6458
6850
6d7b
6961
5868
705a
6f5f
4354
7066
6b6b
534b
8675
574c
6353
5063
5350
4353
6843
686e
5068
403d
645a
5550
4e5b
4555
5252
3748
4531
2c3f
3737
342c
342f
3434
1c27
291f
3431
3736
1f29
251f
191f
361a
9e99
cfc0
ace0
dcca
e1ce
dce5
d3d5
c8e0
cdcd
b2bc
d8bd
dede
cece
d5d8
e3d8
d0cb
dedb
d8c2
e0e0
dccc
d8d3
d5e0
d8d3
dcd3
cbe6
ded6
cbde
d6e3
e3dc
d6d4
dedb
d0de
e3e0
c7d8
cdbd
c5c5
8a98
a58e
d4b7
b2be
cdb9
a2c7
8da4
505a
4160
5736
485b
3756
553c
3c45
3c52
6055
604e
585b
4e43
404a
5048
697c
6871
4e4b
3952
5056
606c
6868
5064
5b51
5853
535b
4b40
5359
4650
3127
4237
4231
3846
3d2f
3c3c
342e
342e
3636
2e3c
272f
422c
293e
2626
3631
3931
3631
2833
2e20
2c36
2e20
2e2e
2626
2436
2418
232e
211e
2129
1028
1810
1b16
1924
1311
1e21
1e1e
0418
1e17
1e1e
2926
1e1c
1e16
1e1e
5974
6837
515e
5b4b
6c5c
3a6c
6653
6e50
717e
6954
5868
7156
6f65
4357
6e66
666b
5848
8264
5f5a
685b
5268
524b
4b48
7153
6b76
5065
403d
665e
5240
4358
4648
5252
3147
472f
263c
3634
3c31
3431
2f34
1c22
2f21
3436
3431
2125
2f21
1a27
151f
bf76
ccc7
c1c4
e1ae
dfc9
dfdc
d0dc
ddd5
c8c6
e0c6
dcd8
d0d4
d0cb
d8d3
cbdd
d8cb
d8d0
d1d8
c6dc
e7d1
e0ce
d0e4
d8e3
e0d4
ccde
d4d8
d4e3
dbd4
e6db
dbd6
dcde
e0d0
d8e6
c3cc
c6bd
c2cf
888b
a996
b1c8
eee7
ceb9
a8b6
7c82
4a46
3863
643e
5060
6070
5548
4240
364f
4b57
6956
564e
6048
3970
4642
615e
6e79
563a
4052
505e
5b71
5374
595b
6e6c
6853
5056
5050
5859
4846
2d2a
4846
3f31
3a48
3d30
3c3f
342f
3429
3134
313f
222f
4125
2c47
2424
3b2b
3931
3633
2e36
2e24
2936
2e26
2b2e
2820
2636
2316
2431
261e
202c
1126
1810
1b16
1324
130e
2021
1921
0920
1c19
261e
2924
2131
1e0e
2324
4b68
603a
505e
5b46
7161
3a67
6853
6b50
6976
6453
5868
7458
6f64
4361
6b68
6063
4b48
755f
5f65
6853
586b
4e53
4b49
7151
6376
4e5d
3a3a
5e5e
5037
3d58
4537
5255
2f45
4d31
344d
3c34
3634
3434
2f34
1c22
3121
3336
2f31
1c1f
2f1f
272f
121a
af46
edb4
8bb9
dca0
d7dc
e9e1
d8e1
d3cd
c6de
dcd6
d8c8
d3d3
d0dd
e0db
d8dd
d8e3
afd0
c1c6
b5d6
d0a0
c0c8
c6b3
b7d4
d4e0
dcba
d4d8
e0dc
d4d4
e6dc
e3d4
d4dc
dbd3
d8db
bcc9
c2c6
bacf
868e
b1a9
afc8
c3d9
d8c0
93b1
7a53
4a36
4f66
5b47
4e66
4a63
5240
3c31
364d
585a
6c56
375b
6443
5068
485a
6655
6c8d
5637
4652
6458
5878
486e
5643
6856
4b4e
514b
4e49
5b5b
4846
3135
4542
4235
3a48
3a2a
3c3c
3c31
2f31
3434
3142
222f
4125
283e
2124
3b28
3b31
3333
2e36
2c26
2e36
2e24
2e33
281e
2033
261e
2631
2826
2426
1129
160e
1c1c
0b24
1109
1921
1c1e
0919
1916
2416
2628
1e19
1e0e
232b
5369
663d
5066
5b43
615c
4356
6850
6652
5b6e
5b54
5e60
7958
6f67
3a57
685e
5e63
4348
7561
525c
5e57
5665
4b58
4148
6d43
636c
555d
4043
5e58
4839
414e
483a
4d52
3542
452d
314a
3c2f
3434
3434
2734
1f1c
2e1f
3133
2d31
1a1f
2c1f
2c2e
171e
991a
9c99
ae99
b6a3
dce7
e1e1
dce5
c7d2
ddd3
d6c8
c8c8
dbd0
cbd5
d0d0
d3d0
c8d0
afe9
ea85
c9de
d6a0
9abd
a78f
abe0
d8e0
e4af
e4d4
d0dc
d4e0
e6e3
dbce
e4d3
d8e0
cdd5
bcbd
c2b5
a0d2
a47d
7da5
aac7
a5b7
c8d0
439c
656a
4d41
4765
614f
525e
2d3d
6550
4839
3c4f
5057
6c4e
2a5e
6342
4048
4656
6058
6874
5540
4048
7648
4e78
4b6c
5843
5153
4840
5148
5048
6468
4e46
353a
3d40
4335
3748
352f
3a3a
3a31
2f34
3131
3c42
2a35
3e2c
283c
2124
3928
3b2e
3331
2b39
2e26
3136
2e28
3331
2420
1e2e
2623
2633
2626
2620
102e
1e11
2323
0b26
160b
191c
1c1c
0718
1910
2114
2129
1e09
1e11
1e2c
536c
6640
5368
6043
5c59
3d4b
6848
6358
5b6e
5b54
5864
7456
6d6c
3a5c
6659
6066
4b48
7961
4758
5854
5260
4856
3741
6c41
5e69
505d
3d3a
5e58
4037
414b
563a
4052
2f39
3c27
2c3c
452e
3136
2e34
252f
1f1a
2f25
2e2e
2c31
191a
2e1f
3124
2129
5e0f
a1b4
c1ca
93b9
dcdc
dada
d4e1
d5da
d6cb
c6de
d0ce
cecc
d3d6
d0c8
d3d8
d8d8
b7d4
cea7
b5d6
d8a0
9fb7
8abd
a7ec
c0d9
d49a
e0d8
ced0
e4d8
dbd3
d6d3
dedc
d0d6
ccc7
c8c6
bad0
8dbe
b28b
aea6
bfca
c3bc
a1db
3646
3b76
4a32
4f60
6c49
5060
2f37
5f55
5537
3c55
4855
7451
385b
5848
4040
4856
6865
6871
6543
4d48
6848
5974
4b64
5653
584b
433d
4137
5143
6c69
5e56
353a
4242
4a3a
374a
372a
343a
3a2c
3434
3131
4242
2a35
412f
293c
2124
3c26
3e31
3636
2b3b
2e26
3134
2e28
332e
2028
2831
1e20
2634
2624
2821
1331
2810
3e26
1036
1919
1919
1c1e
0e21
160b
2416
242c
1e0b
1e11
1824
6061
6638
4e65
5b43
5b54
3a59
6846
5b58
616b
535f
586c
6c53
655c
3859
635b
6663
534e
7959
4165
5e54
4860
4846
323a
7441
5e71
505d
3543
5050
4837
3a49
5840
3c52
2a31
3625
2d3d
3c2e
3131
2e31
1f2e
1f19
312d
2c2c
2c2c
1a1f
2e21
2924
2626
1f27
bc99
d5c7
98cc
e9b3
d7cf
e7da
d5dc
d0cd
c8e0
d0c8
cbcc
dbdb
d3c2
d3d3
dcd6
d1d8
d6de
d0d6
d8ce
d8dc
d8de
d0de
c6d8
cec3
d6d8
d8d8
dedb
d0e4
dedb
d9dc
c7db
cac4
c0c2
c5cf
8a9e
aba1
d3c5
e6cb
c3d0
5ebb
5732
2d64
4d37
475d
5f4a
4d63
2a37
524d
5029
3952
525a
744e
3a59
6048
4840
4e58
6656
6471
5e40
6050
6843
6974
6166
4959
7053
4848
4641
4e40
6064
5656
3740
4242
4a3c
3748
3a30
3c3e
3a29
3137
3131
3c42
2d32
3c2f
293c
2421
3e26
3b33
3939
333b
3429
3636
2e28
3333
2028
2c33
2024
2636
2420
2621
132c
2910
3e36
1826
1321
1919
2120
1126
1609
2819
262c
190b
1e14
1b26
5359
6640
4860
593a
6159
4069
6043
5956
596e
4e5f
586e
6150
6a59
4958
645c
605e
564e
7959
4f6a
594b
485e
3a3d
2e36
7d3e
5b76
4d5b
3243
4e48
4b38
3a43
5b43
4552
2a2f
3622
3445
473a
3636
3131
1f2f
2419
2c2e
2c2c
1a27
1a1a
2f21
2521
1e26
1726
bc48
c7b3
9599
da98
cfda
f1e9
e2e7
d3d5
c6cd
ccc8
d4ce
d8c8
c3d8
d0d8
d6d8
e0c8
d4cc
d0e3
d0d8
d8d4
dce0
dcd0
e6d0
d4e4
d0dc
d8d6
dcd8
cedc
dedc
d4de
d2db
c7b9
c5c2
bec0
9c9e
8ab5
babc
e4e7
d0bf
3877
6f38
3247
5032
415e
4e47
4b66
3732
524a
4f2f
3a5d
524d
714b
3a56
5138
464e
4859
6352
6470
6356
5b4a
6c48
6c70
5866
5e50
7070
5b4e
514e
5843
5b5b
604b
3743
4a4a
4e3a
324e
4032
4645
3c29
2c36
3134
3f42
3230
3c2f
293c
2621
3e29
3b36
3b36
333b
362c
3639
2c29
2e31
2628
2c36
2428
2634
211e
2626
1821
260e
1e36
2116
111e
1e1c
2626
1126
1609
241e
2829
160e
1e11
2326
515b
6641
4b65
593a
6151
3a61
5b43
5956
517f
5b53
5666
5e50
7054
4c4f
6167
605e
4e43
806f
5b70
5149
4859
353d
383a
7a3e
5d71
485b
2f3a
4e4e
4c3b
4843
6048
484d
2a2d
3425
2f49
4731
3c3c
3434
212f
211f
2c2e
312e
1a27
1718
2c1f
2424
2424
2c2c
780f
9191
bba8
95ab
d9e9
e7d7
dada
d0d8
d8cd
ccc8
dcc9
bedc
d4d8
dbce
c6cb
d8d0
cbde
c6db
dbe3
d4d4
cbe9
e9cb
dbd3
ced3
dce4
d6d4
d8d6
d4d3
dccc
d8dc
ccc2
b5c7
b7bd
b6c5
b799
7f8d
c3d7
afac
95b7
303d
6c4b
3238
5335
475e
533e
5064
3d32
5260
4a2f
3c52
5852
855e
3a53
4638
414e
3d4e
4d55
6c74
665e
4e4b
7048
6874
5053
8164
7876
5960
534b
5343
6c64
5843
3740
5050
4635
324e
4330
3d3d
3c29
2c34
3134
4245
3532
3c2d
263c
292c
3e29
3639
3633
333b
332b
3439
2828
2e31
2829
2c36
1e29
2634
211e
3121
1c31
1e18
1e1e
2616
1316
1c21
2526
112c
1909
1926
2c29
110e
1e0e
2824
4b61
6c40
4e66
583a
5c4b
325f
5943
5956
537f
534c
4e68
664e
655b
4f4f
5c64
5e5e
4648
8269
5b6d
514b
4856
353a
493a
773b
5b77
485d
2a32
5348
5c41
495b
6643
404e
2a2a
3425
2f45
4729
3c41
3a3a
1a2e
291a
2e31
2c2e
1a29
1718
261f
2421
1c1f
2426
2c1c
aca6
bfc2
94ca
eaa8
d7d2
eae7
dad5
ded0
d0d3
cecc
c6d4
dccc
c0d0
d0d0
cece
ded4
d4cb
d0db
d4dc
d4d0
d6d6
d4e0
ded3
dcd8
d4d4
d3ce
e0d0
d6cb
d8c6
bbcc
c2ce
d2b7
91c2
aaac
d479
b7e0
afca
4ab0
3232
515b
353e
633a
4451
5b47
5369
3432
4d4d
472f
474d
5e55
7656
3259
4832
3049
4846
4056
6c68
5353
4a5b
644e
666c
5160
896e
6e5e
5056
494b
5143
695b
4e4b
404e
504e
4642
3a4e
3d32
353d
3a24
2c34
3437
4546
3835
3625
293a
292f
3e29
3939
3433
343b
362e
363e
2829
312e
2429
2c3c
1e26
232c
241c
2121
2031
2018
2d28
2c23
1c18
202c
2025
1128
190b
1e26
2e26
1111
2111
2324
4b61
6040
5360
5b40
5951
4065
5343
5e53
5c7c
585b
4e66
5e49
6857
474f
5c51
5c58
414b
7d67
5468
4e49
4353
4148
4f3a
7233
587f
415b
2a30
5c46
544c
5367
683a
3756
2a2a
3a27
2741
4527
3a41
3a3a
192c
2f1f
2c31
2c2c
1a27
1717
241d
2c24
141f
1f21
1325
b963
ccab
8cae
cf92
d7e5
d7e5
e2da
d6d5
c2d5
dcd0
c6ce
cbce
d0de
d0c3
d6ce
cec3
c6e0
dcd0
dcc8
d0d1
d4de
e4c8
d0ce
d4d6
d4dc
cfc6
decf
d3d0
c7cd
c1bb
d0c0
bec7
a9ae
8abb
bfb5
c3de
b7c5
2e6d
4736
535c
3247
663a
446c
6e57
506c
3d2d
525d
5837
424d
5655
664b
3256
5037
3546
3d48
5855
5658
4a4b
4256
604e
6870
595b
7860
6c78
534e
414b
534b
6961
505b
4050
5651
5256
4150
353a
3137
3a25
2d3a
292f
4048
3d30
3427
2931
2c2c
3e29
3936
332e
343b
362c
3a3e
242c
342e
262c
263c
1e29
2126
2918
2629
2036
260e
332e
2e2b
181c
2028
2326
1128
160b
211e
2e29
1111
2116
2326
5059
5c3d
5860
5b40
5c53
4b65
5b49
5651
5977
5051
4e60
4e40
6d43
4147
5851
5658
4153
7565
5765
4b43
424e
4143
4c3a
7d36
5682
4655
2d38
5646
6151
4761
6643
274a
2a2a
3c25
2645
472c
473e
3c4a
192f
311c
2c31
2c2c
171f
1712
2424
2629
1217
1e14
2721
9e2c
8d93
aba1
99be
e2df
d2cc
dced
e0e0
cbc8
dcc8
ccd4
ccce
e7cc
ccc0
dcd6
cec3
d4dc
cccc
d1c8
c9de
c9d4
dcce
c3e1
d9d4
c6d6
d7d4
d6d7
cbce
cdd5
c1bb
c5c5
b6da
ba99
988a
a3cb
cbaf
88a2
3646
683b
6559
2f43
6046
4461
7f5f
4361
3d2f
4d55
5537
454d
404d
6c46
3856
6849
3740
4046
6852
3d5e
5343
374e
5b4e
687b
5858
664e
7081
5358
4b43
4b51
6969
5e66
4250
5853
4e52
4856
3732
2d3b
3f2d
273a
272d
4048
4037
3925
2c3c
3429
3929
363b
332b
313c
3a2c
3c42
2429
3431
2628
2836
1e31
2421
2919
262e
1c36
260e
2b31
2e20
1921
1e26
2e2b
1628
110c
2016
2e2c
110e
1e13
2326
5951
5e3a
5666
6148
5c53
5161
594b
5656
5474
4847
4663
5035
6d49
414f
4e47
5358
5356
7a69
5c6d
5343
4353
4343
473a
7d2e
5285
4052
252f
5848
6151
435c
664e
2942
2a32
3a1f
274a
4729
473e
424a
1427
3421
2c31
292c
141a
1412
2424
2127
1814
1c12
2727
4d1e
7c9b
bab8
a8e5
e792
d2dc
efdf
d5e8
d3d5
d8cd
d6ce
cbc6
dccc
ccc3
d6d4
cebe
d4cc
c1c9
d1ce
d4d1
c7c3
d4d4
c3e4
d9cf
ccd4
d9dc
cbd7
d5c2
c7ca
b1bb
c7c1
9eb9
8cbc
dc93
ccb9
aebb
648b
3843
7252
514c
3038
6d48
4151
6c57
485e
422a
3a52
552f
4d5a
5647
6646
2d4e
6e43
3746
3740
6b55
5056
5852
354a
595b
646c
6e59
5848
5e60
8a5e
5351
4b59
616c
5e53
3851
5656
4e48
415e
482a
2d43
3a2d
2734
2d25
4048
4135
3a29
313e
3429
3e29
3b3c
2e33
333c
3c2e
3e3e
242c
3631
2628
2434
242e
2624
291c
2931
1929
230e
2b2e
2926
2028
1e29
2b28
1c2e
0e0b
1e11
2c29
110e
2016
282b
644b
5c3d
5064
6443
5a49
565f
4e46
5353
5c74
4b49
496b
563a
6d4b
4141
383e
5b50
4a56
7967
525c
564b
3d56
4949
4741
672b
5382
3d52
2628
5248
5f51
3e53
6e56
3546
2940
3b22
2d57
4727
4142
3439
171f
3427
2e31
252d
1a17
1217
261e
1a24
1817
1d17
2129
3120
b07a
c2a1
94cd
b299
e2e9
dfd0
e5d4
d5dd
dbce
cbce
c3dc
c8c8
c8c8
d6c6
cccc
c7cc
dfc7
d4be
bfd4
ced7
ccc3
c8cc
cfc9
ccd7
d4cc
cbc9
ccbf
bec4
c7b7
b6b6
b4ab
9794
d5be
d6c5
a6c8
546f
4c2e
6852
4353
323a
6355
4547
4b4b
4260
482f
4055
5b31
4f47
5950
714b
2a50
5e46
4242
3242
6e52
4e60
5b52
374e
695b
5870
604e
4849
685b
6b50
514b
5959
5064
5648
4e59
4b4e
5651
4961
462a
2d46
3d2c
2235
2d1f
4048
3d2d
3725
2c3a
3a29
4229
3a3c
3436
2c3e
3e2e
3e3e
272f
3634
272e
2c3e
242c
2628
2c21
2e2e
1926
240b
2b31
2426
2128
1e2c
2d2b
2833
0e0e
2016
2e2c
1110
2416
2b2b
6143
5b41
465e
5132
5f49
4e51
434b
4b51
595f
4849
4663
5946
6549
3c39
283b
5848
495b
7d66
4c6d
5647
3d53
3a40
524f
5137
5c7f
4055
2a28
4e46
5c49
2e5b
7149
4240
2a4e
3a22
2f58
4527
4147
3439
181d
3625
2e34
1f31
1412
1712
1e2c
121f
1712
1912
2629
2e28
8555
98ae
9a9a
99c8
d2a2
cfe2
f0d9
d5e2
e0e0
c2d3
d0d8
cbc8
cec8
d6cc
d4ce
c3c9
d7cc
c6dc
ccd1
dccf
cccc
d1cc
cccc
d9d4
ccd4
e0c8
cabc
c0c3
cab1
abd7
a0bc
cb8d
a9be
c8c7
6dc4
4f4a
6039
6a37
4951
2f30
5646
3f47
5b57
3758
522f
4052
5b40
4d41
3d4b
7443
2d4e
5040
3940
3948
6e56
5668
5646
465d
6958
5e6c
5e56
5856
8691
3246
5153
5757
5059
514e
4e5c
4b43
5651
4f5e
4832
3546
3c25
2035
372a
484a
4036
3425
2e3a
3a2c
3f29
343c
3e36
2e3a
3e31
3c41
2931
312e
262f
2e47
292c
292e
2626
3428
1931
240b
2b31
2126
2121
1929
3331
1c2e
1311
2016
2e2e
1311
2416
2328
5e41
5846
3d56
4137
6541
4651
464b
434e
5267
4643
3d5e
533d
6a4b
3f3f
2836
5246
5353
7d67
5c72
5343
384e
413a
5b52
4941
6b79
4852
2236
5046
5c4a
2b61
6949
464a
2a40
3a25
2f55
4225
4749
4042
1825
3925
2e34
1d31
1714
1217
5d88
1207
140f
1d0f
2421
2829
7d55
a7a6
bf90
cbc5
978f
e2ce
dad7
e2ed
dddd
d5cd
c8c8
dece
cec0
dedc
d4be
ccd1
cccc
d8d0
d1c3
ccd1
d6d1
c3d4
ded4
c8d4
d0d8
d8c8
b6c9
bac0
cdbc
bdc7
8892
e0df
c7b4
b3ad
3988
2e4a
5b5d
6342
4949
322a
5040
4a4b
5b57
3756
5531
4d52
524d
4945
3a46
6c3d
3250
5b40
3542
3942
6e56
5078
5248
405e
6453
5661
6946
5071
6e6e
3a48
4f43
305b
5853
5946
5659
4b51
5750
475e
4e30
3a4a
3c25
1f3a
3722
484a
433a
3725
313a
3129
3f21
343c
3631
2e39
3c2e
3c3e
2734
3634
1e2f
3441
292c
292e
2624
3126
1c34
2410
2b31
2426
2126
1628
312d
1b2b
1e1e
2019
2e29
1916
2416
2026
5b43
4e41
3750
4335
6f3b
4659
4651
4843
5274
4b43
3d63
4e41
6d49
4147
2233
523d
4850
8267
5465
5341
3d4e
493a
555a
4f41
737f
5655
2241
5646
5441
3e65
6e50
5656
2d4e
3722
2f50
4727
3c49
4045
182f
3a27
2e34
1d31
1a17
1218
b436
0a2f
1717
1f12
2121
1c24
984d
aa84
b2bc
abd0
be9f
b09f
dfe2
edd7
d2e2
dadf
d3d8
decb
ccc8
d4cc
cec3
cfce
d1d4
dcbd
c0e0
ccd1
d4cc
c1e1
d9d1
c2cc
cdd0
c4c7
bdd1
cfb7
c2cf
90bf
c58c
d8c6
cbc2
98a6
6144
4d57
5b76
634b
4143
2f33
5048
5243
4b59
5060
482a
4555
5b3d
5b57
4b3c
5e46
3250
5b3a
2f40
3243
6c55
5071
5246
405b
5e6e
5e5e
4e40
4656
5846
4046
4748
475b
5658
5e4e
414e
514e
5e56
4159
4e3b
3d4a
422d
223d
351c
484a
4635
3525
343a
312c
3a26
3936
3631
2e36
3a2e
363a
2436
3634
2131
343e
2e2b
2e2e
261c
2e29
1e34
2611
2b33
2626
212c
1e2c
2d2d
232d
1e28
1e16
282e
1810
2616
2328
5941
4e38
3552
412a
6530
4357
4b4e
4e49
527c
4838
355e
4638
6549
3c4a
2836
5637
3d52
7d69
5a6d
533a
4650
4948
556a
5741
6c77
5e4e
1a43
5342
4c38
416d
5e51
5858
2d56
3a22
2f4f
4527
3645
3d47
2028
3c2d
2c34
1d2d
1817
1a12
701e
0278
1210
1f0f
2024
241c
9a2e
959d
9ea3
a1a2
be9d
8fad
d18f
cce2
e1e7
e5da
dbe5
d6cd
d4d0
c8c8
c9cc
c1c9
bbe4
b7c0
d1dc
d4c6
c3c9
ccd7
c6cc
c5c8
bbc3
c6c1
d2b4
c4ce
b1ca
9b82
c1cc
b7a1
a6cc
589d
5339
845a
665d
5b53
3843
302e
5650
5a3e
535b
465e
4a2a
2f4d
5531
704f
4b48
6747
3256
5637
404a
3748
685a
586c
5546
465e
6176
605e
4846
464e
5e5b
4846
4f49
4b5f
5650
5648
434e
4641
5956
3e51
4e36
4246
3c2d
223a
381f
4846
4838
3125
313a
3a2f
4742
4136
3631
343a
392e
3a3e
2134
3634
212f
3134
3626
2e36
2819
312c
1e31
2e16
2e33
2628
2131
2634
382e
363b
1e39
2011
2e31
130e
2616
282b
5941
503b
3756
412a
622a
3f59
4e4e
4e4b
4f7c
4838
2f5b
4935
7157
394f
3644
4e32
4948
7571
6065
563a
4052
383a
575d
672e
646d
5350
1f30
5242
5135
3975
4945
5255
3250
3522
2d52
4527
3c45
354a
2125
3a2d
2f37
1f2d
1a18
1f17
1f2d
0f12
1810
190f
1e20
1819
8f34
8ca4
a27e
9791
bec0
97ba
9394
eac4
e2e0
edd7
d4d2
e3d8
d3d0
cdd0
cec8
d0dc
afb7
adbb
c9bd
c9d4
cecc
c6d6
cdd5
cac5
c9c7
c5b5
b6cf
c0cd
7b95
d0a1
acd5
aec7
9dae
4747
6241
737a
604d
6558
383b
2a2a
4f4e
6552
6169
2a57
4a2f
2d52
4f42
5757
4b46
7143
324e
583d
5850
4042
5b58
5374
5d56
505d
6e73
5e69
564e
4058
5b4e
4d48
5948
4f65
5b60
5b4e
4052
4e46
5359
3b59
5144
434b
3d2f
203d
3d1f
4646
433d
2c25
373a
3d31
3f35
4534
3631
3a3c
312e
3a42
2134
3636
1f31
2e34
342b
3136
2c20
2e2c
1e31
2c16
2e33
2828
2129
2031
312d
3331
2038
2110
2c34
130e
2616
2628
5f44
4b35
3548
412e
6228
435f
4e50
4146
4774
4638
3258
4137
714c
415c
282e
463a
4b46
7571
4447
5643
3d4e
2035
5731
6534
6665
5352
2030
5b48
433b
2e69
5142
5752
3852
2f25
2f4a
4727
4247
2848
221a
4535
313f
1f2f
2217
211c
252f
0a12
1a10
1c0f
2021
191c
6c13
79a7
8282
aaaa
c7a8
a0aa
a6cc
aa99
dfc1
cfe5
ead2
eee0
dad0
dde2
d5c5
e0cd
9ca3
b3c0
cbc2
c0ce
d3ce
bad8
cccd
bdbe
dbce
c4c1
c8c7
83af
b785
b2ca
ccd0
a9bd
5f97
3247
7a3e
725a
504e
6a55
3031
2830
475c
5c5f
5b61
2d59
4a32
2949
4d37
5a4d
3e37
6c43
375b
563d
4053
5050
4e5b
6071
655b
565e
6474
5e6c
5848
3753
564e
3d40
695a
545b
5b66
5b4e
4653
5848
5169
3359
493b
464e
432f
2542
3d20
494e
4841
2925
3a3a
352f
422d
4235
3a2f
3636
2e2e
3c3c
2131
3636
1f31
2e34
3126
3439
2c21
312e
1e31
2b16
2b31
2e28
2424
202c
312e
2b30
1c31
2616
2e36
1111
2611
2b2b
5f49
4b2e
2842
4930
6949
4a5c
4250
383d
495e
4b41
2f5c
3d30
623e
4c67
232b
4641
3b28
7271
3e44
5549
414a
1a32
5331
6032
5e65
564e
2232
5c4a
363b
3367
5445
5855
3a52
2a1d
2f4a
4727
4247
2541
2518
4a3d
3142
1a2d
2218
2417
212f
1212
1a0a
1c0f
1e21
1c1c
1707
a878
8aa2
b08a
8d98
b48f
b5cf
95a3
99b1
dac3
d1d2
ebdc
dcd2
e5e2
dccd
d4da
9ed1
c2aa
c5c7
d0c7
cbcd
bed2
d8cb
c5d0
c6d5
c8bb
90bb
9270
ccda
aaaf
c1af
9fa1
3e57
4732
5c75
6a5c
5b46
5c53
2b30
3a22
466e
655a
5669
295e
4d37
294a
4f35
5a47
4b37
6f3a
4376
5e43
3d48
4650
5656
5b74
5e52
565b
5c5e
5e69
5848
3750
5650
4040
5c50
4f60
5e5b
5e56
4e56
584e
5171
3b62
5144
3b50
422d
283d
4322
4949
413d
3727
373f
3429
3f2f
3a37
3c29
363c
362e
3c45
2131
3636
212f
2c36
3126
313a
2921
3131
1e34
2616
2b2b
312b
2c29
1c29
332e
3131
1e33
2c19
2e36
1111
2611
2d2e
5b51
482d
2042
4428
6d41
4353
3a53
3d35
474b
4943
2f5c
3e30
6a36
3f6d
202b
3a32
3a1d
6f71
3e4a
5849
3d4a
1a32
4b20
6037
5965
5258
302d
504a
4048
3351
5a53
585b
3752
2f22
354a
4725
3d4d
282f
2d18
4a42
3142
1a2f
2518
2517
252d
1a21
1a18
1f11
1c1e
1921
1707
8017
aacb
9484
92a2
b198
adcf
caa6
b1d4
aa8f
d7cf
d7e2
dfcc
e5d9
cfe5
e1e1
caed
c2b9
c7ca
dfd7
e1e1
d6c9
d2d8
b9d2
c5c5
80af
8778
c2c2
d8c9
c6bb
a9a9
538d
4f41
806e
5744
685f
5b4b
6555
3a2b
3a26
3e5e
6157
4e69
275b
4d2f
274d
5437
4f47
3e2f
5349
4b71
5e3d
3140
404b
4e5b
5b79
605b
5b5d
5b66
606c
5b48
3753
7656
3846
5749
4a5d
666c
5e56
5656
504b
4f69
3b61
5954
3d52
3d35
383f
3d25
4e4b
3837
3d27
3a3f
3129
3f2d
343a
3727
3637
3a2e
3f47
212d
3636
212f
2e34
312c
3139
2921
2e2c
212e
261c
312e
3133
2c2c
1e24
3631
3131
2031
2e19
2e34
1113
2616
332e
5c49
4832
2548
4f28
6d47
4356
3a50
3d3a
4449
4b5c
2f4a
4035
6a33
4c67
222b
3835
2b18
615a
474c
5643
3d4a
223a
471b
6040
5e5c
5052
2d25
5648
5050
2e3d
5956
5b5b
2f55
3725
3d4f
4729
3545
221a
3130
4748
373f
1729
271a
2517
2d2d
1a22
1c10
1f19
1f21
1721
1f07
2714
c67d
cad8
c2c2
a3bd
9eab
cb99
aabe
c8ba
c2d2
c3b7
d9d7
d1d9
d9dc
dfc7
d2e2
d1df
d7d7
d1c7
bfd0
cdbe
caca
bfd0
78a7
9966
dfb0
aeb4
c1a5
a8c3
9ca9
6e6e
7f60
2a80
3e15
6847
584b
6d5b
282b
3a28
6160
5c67
515b
255b
4a2f
2a4d
4f45
5241
362d
5351
5374
5638
2a40
504e
495e
5879
6350
615e
5f67
706f
5856
4358
8f5e
3d4b
5150
5867
5871
5350
4e56
4e4e
5453
4161
5b52
4652
4640
3d50
352a
4949
3735
462a
3a3f
3129
3a2d
3135
3c27
3637
3a2e
3c3f
242d
3436
1f2c
3134
312c
2c3a
2c1e
2c2e
2629
2426
3133
3333
2924
2029
3633
3131
2033
2c13
2e31
1116
2614
2d2b
5141
4836
1f4b
4c23
7147
4861
3b50
3e32
3949
4e69
2d4a
4335
6136
6569
2230
3d41
301e
5161
513b
5b53
3a46
3035
4728
5b3a
5f5a
4e50
1f22
5348
423f
3241
4f4b
585b
3258
3220
3d4d
4d31
3547
301c
3d43
3f46
353a
121f
2a1d
291d
1d29
1a17
1708
2124
2f29
1424
1a07
3d0a
4427
c79a
cacc
cbcd
7aa2
ada2
b6ab
b5c0
bbcb
beb8
bfbf
c4c0
d7cf
d7c9
c7d7
cbd1
d1d7
c8c8
c6bf
cbca
97a9
7c7c
8d6e
d0d1
c7b7
c7bc
a6b2
a4a6
89a4
577b
5060
142a
361a
5a3e
5b53
625b
282b
382a
6a59
656f
5964
215b
4837
2d4a
5a3c
4a42
4b3d
5b53
5060
5846
2f38
5e60
5153
5b79
5e51
6056
7567
7977
6656
4b64
7860
5048
4f56
575d
5671
5646
4e50
4856
5f65
4469
5941
4656
5b5e
3d52
382d
4746
493a
4837
3a48
3725
352d
353d
3f27
373c
3a2c
423d
242d
2f37
2127
2e36
3626
313e
2c19
2e36
262c
2326
2d31
3636
2721
212c
3333
3131
2631
2e16
2e36
1313
2616
2b2b
5041
4b32
1746
4728
7549
3a56
4356
3e30
334f
4e49
3553
4335
592d
676c
2238
4343
3022
6a5c
5641
5856
3a46
2832
3f22
4b42
534d
4650
2822
5050
3f3b
343a
4f48
5860
2f50
3220
404f
5031
3d50
331a
5346
3f4a
353f
1820
2d22
2922
1729
2313
140c
1f24
2921
0c24
180c
210a
2448
ae3b
adab
cdb3
ced8
8e9e
b2ac
c8b5
b2d6
d5bc
c0d7
c9bf
b5c6
beb5
abb2
b7bd
b8a3
a7b8
99a2
918a
8086
ca9e
c7c5
b0e0
a7a7
bbd0
a1a1
849e
4f5d
5863
3b3d
1d2a
321a
603e
5d53
3e58
3230
2f2b
5a64
6757
5961
276e
4a3a
2746
7049
4d4a
4b50
6147
4648
684d
3a3d
485d
5165
6174
5843
615b
6f62
666c
5b49
3759
5646
4646
6550
595a
6482
4e48
4b4a
404e
5169
4c5b
5165
4653
5656
3f50
3d2d
5146
5144
4638
3748
3a25
3a2d
4146
3a35
373e
3f2f
4642
2535
2f3a
292d
313e
3426
2e3e
2e19
2e3a
262c
242c
2d33
3936
2724
2029
3333
3331
2b31
2e18
3136
161c
2016
2526
5e3a
5135
1743
3e2a
6a49
3246
4858
4332
3357
503e
354e
4335
5f2e
6769
1a32
4e40
2328
6a52
5149
5e46
3846
202a
312b
4653
5347
404d
2d22
5658
4843
3a38
444d
5856
2a4a
3722
3755
5531
354a
3320
6046
4250
3542
181f
2a1d
2927
1429
2818
1a12
2127
2121
0713
1714
190f
5224
6c47
b687
aab0
ceb8
c9e5
918c
caaf
adc4
c7b5
a3b4
cdc4
bfcd
e0c1
b7e0
b79d
99d2
b38a
8fc0
c5b1
b5d1
d6d0
afbf
c6cf
a9ba
99aa
889b
425d
5545
4b68
4338
1523
472b
5831
654f
3d57
2638
3220
546c
5f51
595f
2a6c
4d3c
4046
785b
404a
4648
5b49
3d50
664a
3d40
405e
4c79
5b79
4e32
5e5e
6f6a
6c69
5156
3a48
5046
4e4e
6748
5f6a
6674
5656
4e56
404e
596d
545b
4960
4664
5042
4e5c
3b3d
513d
4947
4032
3542
3d2d
3b2d
3d3d
3e3d
313c
3d2f
423d
2131
2f3a
2f2d
3645
3126
2e3c
2919
2e3a
262c
282c
2e33
3638
2724
262c
3333
3331
2e33
2b1e
2e2e
1620
2419
2b2b
4e35
4e32
183d
4f30
694c
4649
4358
4b2a
3367
6441
2d4b
432f
5f2d
645f
1a38
5340
2038
6252
4747
6043
3846
222a
2630
3e4d
5947
3d4d
3020
5053
483f
3235
544b
525d
2842
3d22
3a5b
5535
374d
2b1d
6449
4252
3748
1a20
2925
2d25
142d
2218
2212
262c
1d21
070c
1217
1d12
341c
1c3a
6b1c
b8a3
a5a5
e4be
d6f3
96b4
a696
c1bb
aaaf
a5b7
cbc5
c3b2
c7bc
dece
bec4
dbd8
c8c1
bcdb
a3bb
c0d8
a9be
b1ba
8fa6
8693
5567
2f3c
7643
1a3d
443b
1d28
593e
4126
5855
3d4f
2330
351d
5a61
594a
5964
2759
4f42
403c
675f
2540
612a
6453
5858
5b50
4646
375e
5971
5b7c
4e30
595b
726d
7669
5164
464b
534e
464e
774e
6f72
6679
5350
4656
4150
5c71
4771
5153
465e
4e43
4648
463d
5141
434c
4649
3742
3d2d
3d2d
3d3d
4229
3242
3a29
4642
212f
2931
2d27
343e
2c1e
313e
2919
313c
2c2c
2b31
2e33
3633
2526
2e2d
3336
3131
2d33
2b23
2e2f
161e
2618
3331
4035
4e2a
173b
5a32
654c
4b51
3d50
4e2d
3867
6628
3550
3d2d
642d
6c61
224b
5346
2b46
6f57
3847
5635
2d4b
2222
202a
3e4d
5c47
4052
2f28
4b52
563b
3937
5c46
5265
2a48
352a
4e5f
502f
3d50
2620
6643
3f4a
3748
1a1f
312d
3129
142d
2210
2712
292d
1921
090c
0f14
1d0a
2c1c
132c
1111
8625
a3bb
a095
f8ce
ddfb
b4ba
af9d
8da9
bc9d
94a3
cbc7
c6ab
c2d0
beaa
add1
b0ab
bed0
9ec3
afd2
a096
929f
7583
5f78
2f31
9f52
8075
1e3e
3b3b
1a20
4f33
3d49
415a
4a2a
232d
491d
546d
5a4f
665c
1f5e
4848
2742
504d
2a37
5f26
5b64
5e64
585b
3748
415e
5f65
6582
462b
5056
6565
7c71
6966
4848
5856
4646
6f4e
7772
5282
5652
404e
4e56
5a75
4f69
5163
5166
605b
4658
4635
6646
3a4c
4e5b
3242
3d32
432d
4141
3a2d
3f4d
4327
464a
252f
2936
3122
2e42
2e17
3142
3119
363c
282e
2634
3131
3633
2529
2e2c
3336
2b33
2b2d
2b26
2b31
1318
2019
2d2d
3a2d
4e2a
1a3d
4c2e
6957
4861
3b4b
4b30
3157
6628
3a58
4630
6f38
6f61
2859
5346
304e
7154
3841
5336
254e
321a
1e32
3a4b
5747
3756
2a1d
4b4e
6842
3f3d
5c4c
4e63
2f48
2d2a
4552
522f
2a4a
2020
663d
504e
354a
1822
372f
312d
1431
200a
2718
2c2d
0f1d
0709
1217
1707
2824
1c2c
1d14
1b10
a453
9bc7
be8d
fef2
f9fe
c5e0
ada4
8a93
957d
c8a6
9fb3
c5b8
98c1
cdbb
a2c1
afa6
a8a6
7da0
a088
6d86
7586
3a3c
3f45
c174
7e6a
2620
3b3d
1b20
382b
4567
3f58
4a3b
1d30
6023
5469
544f
5961
225b
5045
2542
524d
2d2f
5b25
6164
4e68
5b50
4048
4156
496d
6579
4632
5758
6f6f
6671
6e51
4e48
5852
4848
7548
6a62
4e79
5c56
374e
4858
5a69
5869
546d
4866
584b
4858
462f
6149
3344
4e4e
3a42
4635
3828
463d
3f2a
3f4a
462a
484b
212d
2937
2f25
2e42
2f17
3442
3121
373e
262e
2c32
312c
3b39
2129
282f
3333
2b38
2b2b
3328
3139
1616
2419
2b2b
4128
4928
1a37
4c38
5c5c
4861
3d48
5332
2e59
6c33
3b58
4930
6e46
6d59
2551
5246
3052
714f
444c
5349
2852
3722
2641
4253
4f42
3d58
2817
4e4b
5e42
4244
604c
5066
2f43
2d28
374e
522d
203d
301b
5f47
5c64
374e
1d2a
3a31
3131
142d
220a
3528
2c2c
0a12
070c
101d
0f0a
2824
1328
1c0f
2113
1616
af67
93a4
eeb6
fefe
fcfe
f0fc
cee1
c3ba
baaa
a49b
b59f
9792
ac9c
99a4
94a4
a49e
a1a1
9c90
9182
3170
504a
655d
5877
544a
3010
353d
1915
4c30
4d64
6552
4667
2330
4b2d
6a61
5952
5666
2551
5b3c
2740
5252
2527
6f1d
595b
4b69
564e
3d4e
3852
4477
6674
422a
5b6e
6d62
6669
5666
463a
5e4a
404e
7960
6d68
4e6e
5b53
354e
4050
5a69
4f6a
515b
4764
5653
4a66
5135
5141
3644
4847
4246
3b31
432d
463a
3f2a
3f48
462f
464b
2532
2d3a
3127
2f45
2f19
313c
372a
3a3d
312f
344a
3336
3633
1d21
242d
3331
2b33
2b28
3426
3c3c
1918
261e
2b2e
5b33
4e2e
1035
5933
514c
5b59
4346
5f35
3667
6e49
3b5e
4b32
7146
655b
2551
5048
2e4a
714a
545c
5b4f
2558
321a
1b41
454d
4742
3d52
2615
5050
6448
374c
5442
4b6e
2a3d
2d28
3752
502a
3046
4126
6441
5e69
4e50
2532
3737
3136
202d
2012
3d32
292c
1714
0a0a
0c1d
0707
2924
1128
1c11
2111
071f
2302
ac67
c0b5
feee
fefe
fefe
fffe
feff
feff
eef9
dbe3
d2db
d1da
c1c4
b1bb
a5b3
959a
9682
6ead
4a41
4863
6f13
3d75
2b3f
3018
463d
2126
473a
4a68
5454
3867
2323
5338
5251
655a
5961
254b
4f42
2d3d
4252
222f
6722
6853
3a68
5550
3737
3d56
4c75
697d
3a3a
5b5b
6c5f
5164
585e
4040
564e
4648
825e
7065
5271
5c4e
3a56
484b
6169
4771
4c53
435c
4f66
6364
464b
5230
3344
4341
3d3d
3532
5935
463a
3d2d
3f3f
4832
434a
2932
313f
3127
3647
3121
313f
3f2a
373a
312f
293c
342e
3431
1a21
212c
362e
2333
2e2b
2c24
333b
261b
2620
262c
5b38
4b25
102f
512e
5152
5b57
3d4b
5335
475f
6144
4360
4e32
593e
6957
284b
4a46
2e42
6d52
5c5a
584f
2553
2d1a
233a
474b
534f
465b
201a
564b
6650
4f5c
4c43
466e
2843
2f22
3552
5027
2f40
3e22
6141
5c66
4a52
3535
274b
3731
1d2c
2218
4041
292d
1217
0f07
0a21
0c07
2824
1f2c
1c16
2113
0418
2e18
1d18
9d56
fed7
ffff
fbfe
ffff
faff
eaf2
dbe1
d2d2
ced1
e6e1
d2ea
b3c4
9ca8
9d95
b7a3
3183
1e2c
1e04
b362
8cd8
2657
4328
4637
2330
4a43
4a66
5462
3867
2030
4e36
4147
676d
5e5b
2951
5050
2d3c
684a
357e
6422
5b4b
3a60
5d50
3137
3a53
4c7d
6986
5638
5364
6565
6059
585c
4b48
5c56
5046
7c56
7a70
5671
5b4e
4258
4850
6171
4571
5460
4959
5364
4e66
4935
4a41
333f
3d43
403c
3537
5330
413d
3b32
423f
4e37
3f4b
292d
2f42
2d25
2f42
3a2d
2f3e
3d2d
3737
2f31
2c2f
3126
362e
1d29
2e2c
3631
262e
312b
3126
333e
311e
2620
2b2e
5c38
512a
1030
512b
5c5a
4857
354b
5135
545f
5f4c
4358
5032
4e3b
7556
1f51
5046
2b42
624d
5c59
5353
3058
2a1a
263a
2c42
594a
4a58
2628
5048
4b4e
5b61
4c3a
4a6c
304a
2d2a
3c52
582a
223d
3e22
6443
606c
5053
3537
4352
373a
1029
2210
4046
2535
0a0c
1202
0f21
110a
2824
172c
211c
2113
0f0c
6a54
381e
1032
a54d
ffee
ffff
e9fd
cedc
afbc
9aa4
918f
9bab
c4b0
e0d0
e8ef
d5eb
c3d2
4d9a
1c09
5a26
286a
ab25
95e9
265a
4622
3237
231d
5443
4f60
5460
3061
202b
4e36
5847
6160
5e5e
2a51
5240
253c
7652
2a58
6120
5341
3250
5546
3731
3856
5f75
678a
633a
596c
6967
7059
5e4e
4843
5652
4b48
7d58
8670
5b71
645b
3a5b
4050
6571
4775
595b
465e
765f
4b6e
6741
4957
3339
3d43
3a42
3542
5128
4141
3f35
3f3f
5237
434e
2d2a
2c45
2d27
2e3e
3a2f
293e
3a2a
3a31
3137
212e
3328
332e
1d29
2e2c
3133
2326
2e23
2c26
313b
1816
2c1e
2633
5c47
4b26
1b32
4c38
543b
4249
2540
4b3d
3b5f
6144
434b
5332
3b32
7957
1d51
5248
2e3d
624d
5c52
5056
355b
2d1a
2338
2a47
5447
4650
2022
4d48
4848
6059
4f3a
4369
2a46
2d25
3c4a
582d
2040
3b22
5b43
6471
5e5b
422f
4250
3a42
1025
2212
4047
1d35
0a08
1709
0a1d
0f08
2424
0f24
211f
1f13
3413
412c
7057
5692
131b
8a59
918f
dbbb
dce3
b0c3
a7ae
a39c
adb1
d9c9
d9e0
b1cb
6c9e
294f
2404
464c
6a54
d2ca
536e
57a4
4c53
3d10
3d3b
233b
7751
4f66
4c54
3067
1d28
5238
4f4b
6958
5e61
2556
4a2c
404e
375d
2a22
6422
5341
2f4b
5b37
3532
3a48
656d
6c64
5541
4c46
5c77
8971
5e53
4037
4e46
4e46
7c50
836d
5671
644e
3260
4850
5c6d
557d
4955
4666
534e
4b4e
5741
4c4c
333f
3d3e
3542
3b56
5128
4943
4642
3f46
5035
3b46
352a
2947
3525
2e3e
422f
3147
372a
3a31
313a
212f
3626
3636
1f29
262c
2e2b
1e26
331e
232b
3336
1e1c
2c1e
2836
5c55
4925
2035
4138
5123
3541
183d
4e3b
3f5f
5c39
3f4e
5335
3e33
7d62
2251
504b
2b3e
6552
5a4d
5353
3053
281e
2b2a
294a
574d
4e4a
1a25
4a46
5848
6764
4c33
3b6f
2a4e
281d
2f3d
5e35
273d
4326
5943
6471
6363
4d25
2c50
423f
102d
2210
434b
1a2d
0a0a
1907
081d
1307
2424
071f
2121
1c13
1e21
634d
5245
9169
6b89
3044
2222
4a48
ad45
d6de
c1be
9fb4
bc9b
c1d1
b7ab
2c6d
9c65
3a52
803b
293b
8ea4
9e74
97e3
5f3e
6760
3738
493f
4138
4f4e
4c5e
324e
3879
1d1d
533b
4d57
755a
5166
2739
4e2f
4039
3c5f
2a2a
7425
5b41
2a4b
5537
3d32
4142
656f
6b59
5b46
4c4f
4b82
8861
6660
483a
4e4a
5b46
8664
8b5b
5e7c
5349
3556
4b6e
676d
588e
4152
405e
3d4b
5850
5446
4251
3e47
3b36
3542
3d5e
5328
5643
494e
3b46
4e3b
4246
3429
3543
3d2d
2f46
3f2f
324a
3a2d
4231
313a
2936
3e26
313e
2129
1e29
3326
1e31
3c23
2631
3136
1e1b
3120
2836
5f58
5028
1230
3e2e
5423
3533
1838
4338
405a
533c
3f48
4b30
4c47
756f
2a51
504e
2643
6a49
5255
514b
3035
202b
2b22
1e3f
624d
4e4b
1a28
483b
6450
5766
391d
4669
2a56
2822
3540
5835
304e
4e26
5349
657d
685e
4235
2f4a
4848
122f
2812
4351
1732
0a0a
1d07
071c
1107
2421
021f
1c19
1d19
580f
6e94
8973
6473
d867
7f9e
403e
575c
9013
e3ef
aab8
8ea2
e497
c9f0
c3a9
2f54
c87d
8878
332d
352b
baa8
a396
afd6
c176
7a89
3265
2a3d
2220
3941
6056
2246
3e75
2323
433d
4c54
6d4a
4e67
2f27
5b5b
3529
3c52
3228
762c
6449
2a4b
5231
4030
4148
6c6d
5664
5d4d
574a
5483
8651
584d
4835
514b
7179
9675
8953
4e7e
5649
324b
4656
6780
4a86
494f
4664
4653
5653
5c30
4a54
3b54
3530
273a
2d3d
5128
5641
4b4e
3b46
4b38
4b4b
372f
3e42
3b3d
2c42
3f2f
3246
3a2a
3a2f
293c
262f
3126
312e
2129
192d
362b
263b
3e26
282e
3136
1e1e
2e28
2e36
655a
502d
1232
3830
5223
3830
2528
4348
4567
5137
4348
4332
4147
6d6f
2a51
5250
1d47
6939
5c5a
4b4f
1b2d
201d
2e32
2347
5a3c
524b
1a2a
4832
685e
3e53
391b
485e
2a56
2a22
3d46
523d
284e
4e1f
564e
6782
605b
4846
2d48
4b4e
122a
3212
4356
1735
0a17
1d07
0717
1109
2426
0719
171d
1c17
740c
9fb5
a597
1e60
cd5d
9ab4
4932
6b5f
9b63
a6c5
988c
9395
aca9
93bc
cf8c
254a
c672
8b95
311d
483a
ad8e
9e86
bbcb
f37e
90b2
3289
283b
2823
373d
6850
2240
3b79
231d
3f43
4d5c
6552
5161
402f
525e
342a
3752
2822
7127
6949
3a48
573c
3d2f
3e48
6165
4666
5f52
544a
4b7d
7a57
4e4e
4e35
5856
5b6e
9869
7a60
566c
7668
3753
4351
6580
5a83
495b
465e
4853
4852
6935
5a52
335c
3d26
2d43
223d
542a
5649
4340
3848
5135
4a4b
3a31
4648
3b43
2946
482f
3a4a
373d
3532
323d
212f
3429
3431
1d29
142d
3926
2c3e
3c2b
282b
3133
2020
2e2e
3136
615a
502d
183d
3e30
4a1b
3043
2528
4b4b
4d71
503f
4846
4b40
3e3c
7172
2659
504a
2046
623b
5c55
5e59
1528
492b
2e3e
1647
5426
5046
1a2e
4b35
645b
3a53
2e1a
4649
2252
2822
4042
4837
2a46
5030
494e
6271
5b5b
423d
3143
484a
1828
441a
4661
1a37
0a18
1d07
0f14
1712
2c29
0714
2527
1c14
6807
6091
9197
202f
c75a
aab9
682c
5b44
4896
b888
dfc9
85b6
4a71
5757
a29e
263c
c667
a69a
2625
3f28
7c61
8e6b
d6cb
c585
91e3
418b
2e36
2820
3f41
685e
323d
3365
2322
483d
4557
6d65
5967
5048
4a50
372a
375a
2222
762d
7153
3532
574d
452f
3a4a
5c6d
4e6c
634a
4f46
4f77
7559
4e4e
4b41
4e53
515e
a161
835b
5e64
5e49
3253
3853
7071
6886
475a
3d58
465c
4956
7136
685a
375d
4328
3048
2641
5930
5951
4043
323f
5135
4e46
3f32
4b50
3a46
3a43
4b31
2d46
352d
3a35
3b37
222d
2e29
312e
1f2f
112d
3926
313b
3c34
2e2c
2e3b
261e
3126
3136
545a
4e2d
284b
5128
4420
223b
252f
4b4b
4561
514a
4848
4f49
3b3e
7972
255f
484b
4e41
5c49
5152
5c57
1a27
3a23
2b3a
2e3f
492e
4b4b
2028
372d
5348
435c
201d
4a38
2a4e
382e
4158
603b
204e
523d
4b4b
6769
5b5b
4a42
4243
4845
122f
591c
4661
1731
0c10
250a
0f14
161a
2c24
0c14
282d
1714
5609
4294
607b
2e25
c35f
bbb6
7f38
4344
428e
5b3f
6373
3645
402d
443e
2838
3c3a
d56d
8b91
541d
281d
4d3a
996d
d1c4
ac85
7dec
4488
2e38
2220
3f46
6a66
3d3d
234c
2626
5238
4a54
756a
6461
254b
523d
402a
2f5a
2a2a
792d
6453
2530
5f48
453a
4b48
5f75
4869
5f4a
4c42
577a
7554
4848
4e3d
4e52
6451
9e5b
8953
6e71
5c59
3d51
3d53
6580
7389
415b
3d56
4356
4e53
6528
626d
3160
4633
2a3d
2041
5a41
5149
3d43
323b
4938
5250
3c29
4b50
424b
353f
462d
2d46
352d
3d3b
2f32
2229
2729
3729
272f
192f
3926
2636
3b33
2e2c
2e3e
261e
2e20
3139
5462
4b2d
2248
612b
4f42
2a38
2d30
4848
395c
4e42
4b48
4b4b
393e
6a6f
2557
3f50
5641
5f4c
604f
4a51
1a28
281a
2b3e
4547
5137
464b
2023
3725
4e53
3848
3336
4d59
304e
3528
4e58
3d2d
2d5b
5046
4e4b
7169
5b56
4231
453c
484d
122a
6d32
5164
1435
171c
210f
0711
210f
2520
0c14
1d27
0f1f
4f11
70b8
585b
3152
a15a
739e
774a
2553
1b8d
1029
281f
3429
473c
334c
0a1c
3e24
9691
2549
b157
2878
4c2c
9c78
5ba3
9a50
6d9d
3283
2838
281b
3f43
6056
3d35
1d4e
2823
463d
5c52
7565
6c59
2248
4e4a
4527
2f55
322a
6e2f
6747
2a38
5745
422d
6540
656a
4074
5237
5c50
5a8b
6a47
4e4e
483d
5650
593a
9153
834f
565f
7058
4258
3a5b
5b80
7386
4160
435b
3d5c
464e
6f25
5a72
3363
4b35
323d
2047
5f44
4942
3b41
2d3b
4f35
514b
3725
4650
434b
2f3d
482f
2e47
3828
3b38
2932
2227
252a
3a29
2a35
1732
3b20
2639
362e
3326
313c
2023
2e1e
3139
4c5c
5638
123d
4f2a
5544
3033
3f3d
4848
375f
4639
4346
4b48
3b44
5f65
2257
3f4b
5f46
6549
624a
4a53
1d27
2a1a
2838
423f
5337
464a
2022
3f28
4b56
3b3a
313e
4a53
2a4e
2d30
4650
3d22
355c
524b
4f50
6d69
5e51
433d
2f3a
3f48
1522
672b
6d69
1341
121a
2c19
0717
280c
1f21
0a0c
1a2a
0a1f
5008
a6ab
5872
4631
c688
0272
b83d
94b6
2978
1755
412c
2836
1c34
0f0e
0f25
9d4d
4ebe
0920
bd31
b1df
6489
807a
4f42
7864
6053
305f
2241
302b
3f40
6559
3830
1e4e
281e
4a49
4c4c
6967
6653
2f43
4652
4225
2d57
2f27
7137
6744
4e4b
4d55
482a
6737
5f5f
3d6c
462f
6056
5a81
7236
4e56
503d
594e
503a
8e49
8947
515c
5346
4643
4c5b
5189
796d
4668
4656
3d5c
404e
6728
5262
3170
4b2f
3835
2043
523e
4b42
353e
283b
4f32
5151
2d22
4646
403b
2f3b
4330
304b
382a
3b36
2a32
252a
252d
3525
272f
1a35
3419
373c
362c
332b
313b
2620
2826
3636
4c65
5647
173a
3828
4c2b
3236
3b3b
4b4e
375a
4b3b
3f3f
4948
3847
4767
2557
3f4b
5f43
6a49
5c4f
504e
3037
2522
2930
4726
5137
4a4e
1a20
4835
4b51
5442
2e3b
4a51
324b
2d3a
4260
582d
3546
5060
534e
656d
6649
5053
4242
3d48
1a22
6730
715c
183b
1820
2e24
0712
2413
1d20
0a0a
1a2a
0a1a
1802
bd98
bba1
ae86
90ce
1826
590e
c7c3
2a85
0702
1b0a
3669
070f
1807
0008
da3e
175a
0424
3900
a283
c5df
578d
4b3a
5c83
4c4b
3e36
203b
3038
393b
6560
3b2a
1d46
2a23
4648
4c4f
6967
4959
3732
565e
3f27
3563
272a
8235
675c
5b53
4546
4027
6939
655a
3d67
5543
5460
6876
7a2e
524e
5341
4348
614e
8e4b
764b
6e65
5646
4048
6752
6497
7375
4660
4e53
425c
3a4e
7a26
756d
3176
462d
3b32
203e
6244
4b47
383b
2d3b
5941
515f
2d25
4646
4b3d
2a3b
432f
304f
382a
3e35
2738
2525
222d
3b22
2730
2232
2e17
2c34
3626
3131
363e
2e20
2629
2e39
4f69
5649
173a
3e30
442b
473b
3d36
5050
3b5f
4b38
3a35
4950
3b47
516a
2a51
3f50
5348
6251
624a
4e4e
463b
1d20
4220
3f33
5341
4e4e
1a26
4843
504e
5b46
293b
4a4e
2a50
4d3a
5070
3722
353d
565b
5350
6d77
5253
4e42
553b
4252
1520
6c43
745f
1841
171a
2931
070f
2614
1f21
0f07
172f
0a12
1308
4a1a
bd61
c4d6
0263
2a07
0909
6638
6d9e
1f32
0402
211e
0209
3604
2e4f
7d6e
0000
0404
040b
7522
ca98
67c8
370f
7f88
3e38
4941
183b
3233
373b
6058
3828
1b49
2a26
3741
4f67
796d
4361
3730
6855
3f31
2d5d
372d
7f41
5f5f
5e53
4d37
3927
6d37
7967
4164
5537
4f50
727e
7a41
5646
503a
4348
4940
9656
6d5d
6957
5640
4646
6a4e
678c
6377
533b
4e5b
3d5c
414e
7228
5865
3381
4a2d
4346
2047
754c
3847
433d
303d
5130
5159
2d25
4143
5947
253b
3b2a
3349
3b2a
3e38
3543
221a
222d
3b28
2a35
2832
341f
1d2e
3421
2e31
363e
2821
2629
3339
4f5c
564f
173a
4230
4733
4e3b
3d35
5056
335a
5341
3235
434e
3849
5162
3257
4a50
3d4e
6251
6252
5656
494b
2228
4c18
3a3c
5139
5248
1a32
483d
505b
5950
372b
605f
2d5d
6b2a
4a67
2222
402a
5856
645e
656f
2549
5640
6045
3560
1220
6c3b
6f51
1e3e
121a
2631
0f0f
2417
1f24
170a
172a
0a0f
190a
501b
6824
d7da
2688
1105
173f
441c
6a46
9e6c
207d
0900
0f07
7040
6b68
acca
155f
0404
2e09
584e
956a
5289
3440
3229
354f
4446
2232
322e
373b
6a51
3837
1e48
2020
3532
4f5a
7768
3a61
482f
563d
4656
254f
2d22
824b
5f54
4953
4d4a
3731
5c37
806f
4957
4622
584e
6f70
8357
5b4e
5046
3a4e
492f
894b
7653
6167
5640
4141
6a4e
6f8c
6875
5630
4853
3d5c
4850
6a32
4c72
3378
4e3d
4335
2347
6561
3244
3b3b
353d
5332
5151
2822
413e
5149
293b
352a
3849
382a
3b38
3b32
221d
222a
3d28
2a38
2032
3725
192d
3124
2c2e
363e
2421
2c29
3636
4f57
5259
123b
3328
522b
5144
3b32
5358
375f
4b3b
3535
4348
383e
4761
3561
534b
3b4e
6559
5c52
5856
4b53
2632
541a
3f3f
4f34
4a46
1a2a
503a
5056
5f4e
3133
635f
3b65
423a
635b
222a
3b1d
605b
7459
5f69
1d47
503d
504a
354e
121a
6741
673e
183e
171a
2131
1712
2824
1f28
1f0c
1227
0a12
1809
8660
5c25
aac3
8fa1
1755
3348
3253
6123
747f
9b98
112c
2b1e
593c
a199
6d73
426e
0014
4d24
8461
9e72
79c8
4141
4933
4649
4141
3820
353b
393b
705c
3d32
1d3d
261e
3d38
5552
776d
3861
562a
4d52
5b31
2552
2f25
7f4e
6c5f
3950
5052
3c2d
7058
7d6a
465f
4622
6d53
7068
7868
6658
5641
404e
492d
8143
8158
6480
5b4e
4138
6a53
7a8c
6d75
4b28
4656
435b
4056
6a2d
6289
3178
4e46
432d
2846
5c54
3a47
2d35
353d
592d
4959
2a1c
3a3e
4949
2d30
302d
3349
3828
3e32
373b
2222
1a32
3e20
2a36
1d38
3725
1427
3121
2c31
363c
2421
3126
3334
5454
5059
123b
302a
4c2b
5447
3b32
5356
3762
4b36
3732
4348
4141
4064
2a59
5046
3746
6a6a
594a
5053
4e58
203f
5a13
3a4c
5f37
4a50
1d2f
5242
563f
594b
262e
5f51
4670
3232
6668
2022
431d
6766
6f5c
5865
1a47
4a2d
3d3a
2a4e
1215
6957
6f3b
1a37
1f1c
1935
0f10
2c26
1f2e
1f0a
0f27
0812
5c09
506e
8f74
a998
8da9
1992
4307
4648
805c
9593
c5ad
599a
284e
695b
6f46
8873
8bb6
204d
5231
6b7c
a48b
c9b1
4eb1
9e67
494f
3865
2823
4630
3c36
7653
3d33
2238
2626
3d37
4760
786d
325b
4e2a
4856
5629
2648
422a
7c50
615f
354d
4a4a
372a
704e
785b
3d5e
4e2e
7050
7b70
7369
7669
6138
414e
502a
865c
7855
6482
5e53
4e3a
6a56
8081
6b77
512b
4356
4356
3746
7035
5889
2b70
4840
412d
2a40
615c
3847
2a28
383e
472b
3749
2d12
3e3b
413e
2d2d
302e
3349
3828
4130
2d3d
3222
2532
4125
2a32
1a3a
3721
0f29
311d
2931
363a
2121
2e21
333b
5265
5351
103d
382e
4233
514a
3f36
5848
2e62
5639
3232
434e
4138
4b64
225e
5042
383b
656f
574c
4953
5656
2850
5218
3944
693f
4e50
2727
4856
4e45
573f
2e2b
4f4f
325b
2a22
464d
1d20
5c2f
6c6c
7561
586a
1541
4630
5b3d
225e
1a13
6959
6d3b
1a32
2c1c
253d
120f
312c
1928
250c
1227
0817
2512
9952
9799
54aa
cb84
6fb6
2a57
5248
af75
4f78
c985
9692
2b5d
3646
7a52
8072
c488
7c90
2625
4d3e
b5ad
b4a7
abf4
626b
5e75
4b5b
1b25
4628
6349
764b
3d33
2b3a
2820
4641
335b
7765
3259
4023
506b
5d2f
2648
452a
8d56
6c5f
3548
5252
482a
684b
815d
485f
4e2a
6050
8170
7369
5966
7049
4758
4b37
894b
6a4b
6180
6052
4641
624e
727b
6d77
562e
4e56
4653
3241
7543
628c
3b78
4646
4130
2e49
545c
3844
2a20
3d3d
4226
304b
351a
3236
4141
3232
352e
2b49
381d
4130
2535
3227
2832
4725
2230
183a
371d
1d2f
3121
212f
3636
2521
2e21
3641
5467
5054
103b
382e
4a30
535a
3b43
5648
2c5c
593b
352d
434e
4138
5164
1d61
5643
363a
6579
514a
434f
5052
2850
421d
4137
6c47
5050
2532
4742
4245
6143
312e
5d57
3058
1a26
4637
2725
5b37
6666
755f
525a
2041
3f4e
583f
204a
1d1a
6c59
6935
1a30
3a22
1c34
170f
2e31
1d2e
270f
1727
101f
2208
a7a7
a3a6
3898
c234
bf9b
2a78
6d33
9f9b
3c5b
c766
c0a3
2561
2c2e
9b5a
786a
af80
96aa
2c1d
6d57
ab95
bbb0
cacf
a879
919f
6d6e
1b20
3d28
6d53
6853
382e
323a
3023
464e
3758
7a5c
3259
3d22
566c
633a
2548
4835
8e58
7467
3748
5257
3d25
604e
7763
3d67
461d
625e
8c6d
786b
5059
563a
4946
4848
944c
6a6d
5c6f
4e53
3d35
7046
6a86
6d77
5133
585e
4a5e
3850
7840
6294
4781
4641
4e30
2e51
5c59
3b60
281b
3d41
4729
324c
351a
303b
494b
3235
382a
2849
3315
3d38
222d
2d2d
2030
3d1a
1a28
1236
311f
222f
3729
1f2f
3137
251d
3121
3b3e
5c65
525b
143a
4130
5436
4651
3f50
573d
2e5a
5c3b
3b2d
464a
493a
515f
2861
583b
3b3b
6277
474c
3f43
5252
2a50
381c
3929
6f52
524e
1f2f
5042
5860
5f43
2e2b
7053
4166
1a26
4e37
2f20
4e56
675c
7961
3144
2347
485e
503a
143d
251b
6461
6f43
1a2a
4620
1431
1714
2b31
1d31
2d12
1d27
1a21
3a08
a6be
9aa7
2d85
b436
bdb1
3768
3c46
8c9b
2c42
ca77
beae
315c
282e
744d
5f5f
b995
9eae
312c
6539
ad84
a1a3
c7cf
bf7f
cbe2
8b80
234a
3b36
6551
6566
3e39
2332
4923
3b50
4158
786a
2a51
4e2b
5064
5e4b
2a46
502a
8653
6c6f
564b
524d
402d
6260
6d65
305e
3522
6550
8a63
786b
4659
4b30
4141
404b
9757
7078
5772
5250
4137
7046
728b
6a77
593e
5860
4a5c
4b4f
8346
629f
4481
4e46
5e32
3056
626d
3f6b
2b16
3846
4c44
3847
2d1a
3e36
4147
2a3d
4126
2b4b
3b1b
3b47
252d
2f35
2d32
3d2a
1a20
1232
311d
2531
3429
1f2f
3231
1f1f
311d
3c3e
5462
5665
143b
3830
4f1e
494c
4253
5c46
345a
5637
4326
4b48
443e
6464
4669
563b
4738
616a
3044
433d
5558
2a4e
381d
3f2b
7454
5856
2530
5842
4a5d
5f37
3336
6b59
2858
1a1d
463b
251a
5040
655c
6f6d
2031
1d4f
5046
483b
1235
2615
6467
6f3f
1a22
4835
173a
1717
2c31
1f36
2f17
1d2f
1f1a
4a14
a1c6
aea3
266c
a92e
bbbb
3f6e
314c
7591
4527
c27a
bea8
2d59
2c31
5557
4747
c58f
a0b6
412f
4013
9988
a6a2
bed4
af85
f3ba
89ac
2084
3747
5853
6d56
5136
1b30
2f20
4355
476a
7767
2a5b
5630
2a4b
5e40
2531
4e2a
865c
6957
5e49
5e49
4243
6259
7568
3d64
372a
6053
8a68
7858
375b
4b30
4646
3a4b
9954
6878
4f59
5b56
4149
7048
8389
7086
5c3b
5c64
4a5c
434f
8342
5a9a
3e84
4e4b
6440
3b53
6572
3f63
331d
4141
4f44
3b4f
2818
4732
3544
2d32
4125
2a49
3e1d
3b43
272d
2a35
3b30
4646
1a26
1432
2f0f
2131
3729
252a
2f37
1a1f
311d
3c3e
4c67
5257
1235
3b35
4f1d
5651
3f4e
533f
2e58
4741
4625
5350
492e
6172
3059
5c46
4f3b
5961
2a44
3f46
5258
284a
3822
3e33
7651
4b4a
1d30
583b
4352
5f46
3b2e
524f
3056
2022
4e37
1c22
603d
5f5e
5c62
313e
2a47
4a3b
4a3d
1428
2f15
6169
693b
1d20
473c
183a
2112
2e2e
273a
351f
1f35
1d17
420f
87cd
bb84
0e74
a149
b3c7
4a78
188a
767d
4227
ac72
8bb1
4a51
2062
524a
622e
d5af
789b
7147
2e24
785f
a278
82d3
9275
f1a5
87b4
2363
3d47
4b51
684b
5747
2b2b
2f1d
4052
4770
6957
385b
4e32
274e
5b37
2a3a
482a
8659
6d4b
5849
4550
4835
7253
6d5d
4367
3a32
7059
8e6b
774a
324f
4632
4046
3241
9359
5f6d
4a3a
605b
4353
7046
758c
7088
5c38
5660
485e
4353
7842
5d9a
4281
384b
5c3d
3651
696d
4260
3826
3e4b
5834
3b54
2818
4735
3e55
322d
4725
264f
3919
3a41
282d
2a32
3b32
4443
2038
1b38
3114
2231
3731
2d2f
2a37
1a1d
311d
373a
4a61
525f
223b
383d
531d
4b4b
4850
5343
2e4f
4b38
3f28
4b58
411e
6767
1f4b
5b46
3638
5159
2352
3f46
5556
274e
3820
3b30
643b
4848
202e
5035
485e
5b43
4c2b
4a4f
3553
1a20
5337
1f22
6050
5f56
3f67
3639
2233
5043
4e52
1d27
301a
5f66
6737
351e
474f
1731
2c1f
2e2e
273a
2722
2727
1814
3c19
8da6
845f
194e
8d47
45ae
7b2a
4da8
4839
5a1d
8c8c
157d
943b
68b1
2c23
6c31
7d94
074d
c355
77bb
814d
8e91
4f5f
5c6e
d48e
8185
233f
4349
455c
5253
6742
1d22
374f
434a
3e60
6f4b
304c
462a
2d56
5e42
2a35
4532
885e
6f49
3a3d
4a52
4e3d
6d5b
756d
3d66
372a
7356
8c6d
5c52
2e4f
412d
4840
2a41
8e53
6d70
4d49
5e60
4149
7841
7290
7086
6643
5350
4660
4053
8642
639b
448c
4359
5641
394f
7376
5573
4130
3351
5d3c
3b58
2a19
4f38
395b
3232
4725
2847
3e1d
3d41
222d
2a28
3532
4343
3844
2043
2d17
272f
3132
2d37
323a
1822
2d2a
3f3f
3c5c
505f
1835
3835
591d
3b51
4056
5c48
3158
4b44
462d
4356
4c20
675a
255b
4b46
2838
5154
265c
3f41
5556
224a
381d
4f51
563e
4a58
1d30
5032
4b60
653a
3f2e
5b56
415c
2030
4b2f
2222
5246
6456
2e6e
3941
2026
6c43
4b68
2020
2d1a
6466
614a
431a
4758
1431
2112
2e33
212c
1d1a
3525
140f
4114
cab3
6b83
2042
d67f
0966
720e
e8e7
69ae
8e40
95d0
2146
6f0b
d7de
85a1
ac7f
3e64
1434
7909
d9cf
c1d2
45a6
7134
63b3
9690
686d
4421
605c
4575
4f56
675a
1d20
3d36
4e52
4460
7741
1d53
4822
3d5c
563d
2632
4a2d
8a6e
7957
2f41
4d52
4841
6038
7576
4961
3a2e
6b4e
7b70
5f60
3357
412a
5848
2759
8150
7d65
5069
635e
404e
7643
728a
7a75
684f
4e53
4860
465c
8946
718d
377b
514f
6459
394e
7981
556e
3e38
3649
4f37
3b5a
2b1b
4d3d
4263
3035
491d
335c
3b1b
3b41
222a
2e28
3030
4c41
3844
3349
2d1d
272a
2f2f
323b
353f
1825
2a30
423f
4267
5057
1a3d
3b30
6120
5351
4b4e
5c4e
264c
4747
4a2d
3b53
591e
6161
2859
4e4e
2238
543b
3359
4846
5856
224e
3622
4741
6043
4860
1a2e
5835
354a
5c43
3c33
5849
3550
302a
5335
2f3a
5042
615e
2660
3450
2226
6446
4352
1b20
3218
615f
614e
3d18
4750
1a31
2917
2e33
272c
1f1a
2f25
100c
0e1d
be55
e8c8
e3ca
57e5
5713
0420
b862
d9ae
afc3
2a6e
1109
0207
7e50
ce81
cad2
044f
0400
1500
524f
6a56
2628
1028
9e57
4b5e
2e5c
3b10
666c
4067
4a60
5c63
261a
3d1a
494e
5460
7530
2053
4e28
3d5b
5c3d
2832
522f
8266
8657
405b
4a52
4048
5a28
7076
4866
3a32
684e
816d
6a64
324f
4032
4646
3259
8658
7d5d
516f
5852
4b51
6846
6589
7775
644b
4e53
465c
435c
8956
818a
3e6b
474e
6156
3147
6c73
586c
383b
3143
5340
4255
2e1b
4f47
5260
2e3e
4a15
335c
4223
3847
222a
2e2a
3832
5949
3844
2044
3518
2237
3227
3538
3242
1820
2720
3a3d
4261
4859
1a40
322d
6120
5649
524b
5c48
233f
4b44
462d
3250
541b
716f
2d59
584b
363d
4936
3a54
3f46
5856
2248
4325
3e4a
5e3b
485b
2835
522d
324a
6752
4147
5846
2a43
2222
533d
272a
5846
575c
2956
3453
2220
524b
2242
1b1a
3513
5666
5e50
3d18
4552
1231
310f
2e3b
2734
1f1a
2825
0f08
1e1c
0916
821d
96ad
0241
5e00
0245
3f00
7c61
baca
106a
0000
0004
2a02
9826
bfcb
0067
0f04
271c
0011
2100
1f3a
3e2c
b061
72c2
2342
2b16
464f
3d51
375d
5752
2020
3d20
3b4e
5760
7730
284c
4e2a
3d5b
6037
222d
552d
8674
865c
4041
465b
4841
6230
7576
3d66
392a
684f
8c68
5a67
365c
4030
3748
3d38
9464
7860
5175
604b
4851
6849
6594
787d
685e
4850
4b5e
3e53
9b69
7b92
3342
4351
6149
3449
6879
5d64
3242
314b
5548
375d
2b1b
5b44
5258
2841
6518
3b60
4733
324a
282a
322d
3035
4c3e
3844
2044
3218
253b
3222
3035
303d
121d
2f1d
3a40
4254
465f
1a42
362e
5328
482d
4b48
503f
263e
5344
432d
364b
5418
6977
4664
504e
3632
5c44
4949
3f43
5050
2242
4c20
3f54
523e
4e50
223b
582a
4e58
615f
3741
5838
285c
1d20
4b30
2725
6058
504b
2940
3153
201d
504a
1e4e
1d1a
371a
4e69
5151
5312
425d
1227
3617
313b
192c
2417
2721
0c0c
1f1e
2419
1011
3e53
2025
0717
0709
452e
6218
aebd
83af
0020
1304
4956
904d
9393
4079
0402
0909
152b
9d53
5084
8539
cdba
a7ef
2035
2b10
434e
4b4a
375b
6167
1c20
491d
3658
5162
7530
2a44
4e30
375b
5831
222a
784e
8671
7c53
3d46
4252
5039
7643
6a6a
4b71
4022
6a56
8162
5754
3e64
4e38
4346
4148
8d65
846b
467d
5b4b
4b56
7343
5c84
8884
6466
5c53
5360
4964
8151
859d
2637
494b
6451
3c47
767b
6269
3844
364e
5b4b
4479
291b
6952
554f
2244
621b
3c58
4f3a
2e4a
262a
2e2e
383d
5147
4751
2044
2f18
2637
3525
2e36
2d40
121e
3725
3b3d
4254
485c
2546
3638
592a
4b32
534b
4848
2b36
5649
4342
3b50
5c20
6777
2750
5253
3d3b
6549
5c4a
4846
5250
2a4a
4a20
3a5a
603e
4a55
2235
4a22
4e50
5e67
4241
5846
2250
2023
4e2f
2228
554b
574e
243d
2950
322e
554a
2043
201b
3f22
5769
4f57
5320
4a57
1127
2e1f
3633
1121
2911
251f
1412
1821
7723
916f
f3ec
4f9c
456e
2800
5756
9f56
9091
6e87
025b
3f07
6c59
7e68
7876
576b
042f
580f
888d
9c9e
7f99
5c4c
9886
81d1
3364
280d
4c56
4d4a
3b60
716c
252a
3d28
324e
4a53
7543
263b
5232
3955
5640
302f
6b50
8e7e
794f
493d
4853
4e3c
6a3e
655a
576f
4d20
6256
8867
4b5b
435f
4e38
4346
4140
8d7b
9353
4388
6358
4849
7341
6889
868c
5764
6459
4b61
516e
5c46
8d95
3256
5147
6751
4049
8787
636e
3b3b
3849
5c4b
4773
2b24
6f5c
604f
2341
6220
374d
4d3a
304a
282d
2d2e
3636
473d
3b4c
2049
2f14
2037
3525
2e36
2d3b
1820
4028
3d46
3e58
4851
283d
3246
5b30
4835
5048
4b4b
4138
5959
4356
324e
571e
666e
2553
584e
3d4e
6549
5c4c
5847
5255
2248
441a
3a62
6654
4e4f
1c35
4620
5350
5967
4441
5b41
1f48
2231
5035
2d37
534b
5050
242f
2050
5144
5852
283b
181a
4820
7160
5161
5237
464d
0f1f
2e1c
3133
1a1f
2717
2421
140f
281c
9d66
c3c3
9c7a
a4b1
0b59
270b
664a
8354
4c7a
9da8
3685
373e
3e5f
7d31
5562
b7b8
1874
7d19
609b
7446
c16a
7de2
6961
6379
8076
2019
5346
454c
3e5d
4157
282a
4b1b
2e68
3e55
7d49
2e44
5237
315d
6046
2d2d
5d48
8879
7160
613d
4e5e
4642
6a38
6f57
5361
482a
5a50
8e68
4353
4b61
4b33
434e
533d
878c
7b53
4e82
6658
3a49
763a
7584
5c94
5353
6c5c
5361
4e6e
4147
9887
3973
5643
7f61
424c
769d
6863
3833
394e
584e
3f71
2e23
695a
5d4e
2844
5c28
3a3b
5058
334a
3030
2e32
3535
4c30
3859
2b49
321a
1a37
3228
2838
2f2d
121e
4128
3d46
3b54
484f
413d
3551
694b
482d
4848
4b32
2b3e
4f38
433a
2d50
511b
6969
2551
534e
3d50
654f
5c4c
5c49
5055
2242
421a
4268
6158
4e4e
1735
4e20
4e50
5966
3e43
6041
2042
2028
432f
252a
4e46
504e
2427
264d
5130
4860
382d
121a
4b22
6648
4c69
532d
3d4a
1717
2e1d
2933
1d17
2121
1d1d
1d07
5216
bba6
afa7
4e81
b665
34d3
1b31
414b
9794
4258
c73c
9caa
2877
1e27
8957
8174
cd80
43aa
6a20
3b4e
8967
8665
e9cd
9091
b496
8b8a
185f
4b3d
4757
4465
415f
2022
4e23
2a6e
4163
8032
2a44
6040
2f4e
5e58
3737
524e
7d53
6f65
8651
566e
4648
7e38
755c
4352
402a
6056
8b72
4359
4961
533b
494e
5148
858c
6863
5369
6346
3a49
7e3d
7884
5294
5353
644e
4b56
505e
3749
9b85
4189
5747
715f
3a51
768a
656b
3a3e
3b4b
5669
456b
2e24
644f
4c48
2849
5d2b
3c31
5058
3154
3636
3038
3e3e
4c33
4154
2b44
3220
1e32
362a
2041
322d
131a
3d20
3d46
3147
4b4b
2843
2846
613a
482d
4b58
502d
2638
513b
3b2d
3253
5423
7169
3059
5250
4863
6547
5c4a
5843
5256
2746
4718
4068
5c63
534e
1a35
5022
4b4e
5f69
4c44
6549
415b
2232
4e2f
1f22
4e48
504a
2c2d
314e
4741
4850
4335
1a1b
5030
694b
3b65
5b35
3b55
2f17
3131
2c33
2517
2834
171e
1f17
670f
a7c0
aca0
9c9d
7357
86d0
223e
5563
8499
392e
b139
beae
2749
2b2c
605d
6043
c07d
5da5
1e36
5d57
a68b
806d
deb7
a98a
e9d0
78b6
2a8b
3e3d
4d57
4765
4460
2b26
4b20
2058
3957
7541
2a33
6840
3748
526c
373a
5242
7074
726b
8e54
565f
4b46
7d44
755a
5759
3c25
6a56
8368
617d
4356
5e3e
4956
615e
7f8c
6d6d
594f
705b
414e
874b
788c
4c92
6f53
767e
435e
5364
3e47
9b76
588d
564c
6159
6254
7f8d
5d6b
3a3b
3b49
5665
4773
2b26
7a60
3b48
3b54
5d28
3933
404b
3955
2e33
2e38
463c
4a36
384a
2344
3215
1830
3825
2341
3530
191b
3820
3d4e
3b4c
4853
1835
2e30
5f32
534b
4356
4b2a
2b49
5c38
3b2d
3b52
4c26
6c67
3761
5c4b
486b
6149
5c4c
583e
5258
203d
4418
3a65
5c5b
564e
253d
4622
5648
5f69
4c43
6d56
325b
2a2b
4840
2d22
5050
504a
2c27
3958
464f
4a48
3e30
1a22
502d
6949
365c
5c47
3548
2917
2e31
342e
342d
3442
142f
2417
6117
adbe
af9a
7899
7062
a6cd
3848
366b
787b
2c3c
b320
a5c9
2b24
3431
5557
3645
c04d
67c6
3323
525a
9e8e
8860
d9c0
a58e
cba7
91ec
4486
4135
474f
4a60
4465
2315
4b22
204a
414a
5c4f
383e
633a
3148
505e
3032
524e
7382
7a65
8044
4864
4a42
6a4f
695a
5465
401c
625e
8962
777d
515c
5836
3253
5948
798e
786d
5856
6046
404e
8451
7689
5492
764b
768d
4974
4b64
584f
9b76
6576
5153
5f51
6333
9390
5563
3844
414b
5e71
4d7b
2b26
7a69
3750
2e39
6531
2c2e
5337
3470
282b
3030
3836
5d38
474d
234c
3218
102a
3622
2649
3535
1318
281b
3849
3851
5053
1e3d
303a
6136
586e
5353
4a2d
1843
5c2b
3f22
4253
4622
7677
3a56
4b50
636b
5156
5c4a
503e
5356
2035
3b18
4060
5f55
5850
223d
3b1f
5c4b
526c
4c41
6a65
2d4a
3222
4e56
2d2d
4e56
5856
2c20
3d58
504a
4b50
3825
1f1a
5537
6953
2e4c
584f
2f3f
2512
2b2e
2d2c
2917
3144
1734
2417
6416
78b2
af7b
2d78
6235
b6d2
4a46
27b1
7447
4052
b333
a6ac
4b2d
2859
4f63
493c
ca3f
7bc0
203b
5745
7055
6d67
e1ad
9888
c4a0
91ea
4c89
4635
454c
475c
586b
1a1d
462e
1a40
4733
5154
3d51
5d3a
3140
4868
413a
4e56
6d78
7a58
6c3b
466c
4a35
6b4c
6553
5265
3d1c
6366
8162
7d84
4a5c
5c3b
3d50
614b
7599
8463
5868
5e43
3d49
7b48
788c
5c8e
6644
406e
4960
4b63
684f
9b85
766b
515c
6156
5836
8a8b
574a
4951
4251
6674
4784
2c34
8574
3c56
2633
5833
452c
4850
3455
2b23
3030
3333
6b4a
424b
283e
321b
132d
3026
2b41
353b
131b
3823
4244
353b
4b50
3246
303a
5c3b
5066
5e56
4a35
1530
5333
4222
4358
4722
7671
6664
466b
6678
4949
6547
504e
5856
1a30
441a
4262
534b
5050
223d
2d1a
6446
4a5e
4749
635c
3557
2828
5035
4220
4a58
4853
2920
3958
5049
5352
382d
1a1d
553d
6d59
3741
564b
2748
2512
2e2e
292e
2909
2e47
0f29
241d
4a12
3173
843f
244d
631e
bbe8
4f26
48cb
7226
2955
9c34
6288
523a
3ea4
422c
5656
af78
299c
4133
4229
5b4c
8e68
efba
738d
9f74
7ed7
3981
3b43
4f52
4f65
526a
2633
462a
1b40
4a39
445c
3851
603d
314d
3755
3748
4a45
6562
7060
693b
4a70
4a2d
794b
6163
5769
3c1c
6b6e
7860
7586
515c
5e42
4353
4940
7299
977f
5c88
5d47
414e
8449
7e99
6d92
4e49
4b59
4661
5360
6e58
9b76
8a6e
547a
6751
533b
9390
5952
4747
414f
646c
477e
2e37
726c
6954
2e3b
6f37
6365
5054
315d
3323
3033
2b2b
634c
424d
263b
3218
1b2d
2a2e
3033
353e
131b
3321
514c
3041
4b4b
3040
2d3d
5f41
505e
5055
4e32
2235
5938
4a28
4856
4f35
746f
485e
454e
6670
4749
6a52
4b46
5850
1a2f
471a
4e68
4b47
4a56
2835
261a
6c43
4264
3b4b
675c
3563
2230
352d
4b25
4e4e
3b55
201a
3a60
5254
3b50
2e20
1820
4e3f
5f5c
3941
5151
1f48
2d12
342e
2436
310c
2c46
0f1d
201f
3620
666e
4d46
253d
5724
9cdc
5209
a5a7
8d44
204c
3f62
262c
5913
9892
7b5f
5f5d
6f77
2f54
9d63
2872
653c
7d73
6889
7d96
9957
6d82
2e4f
354b
584c
4b6d
4c70
262b
4b26
1a40
4a4a
4467
3d49
6341
3152
4056
3a48
563c
7365
7063
5b44
4e68
4a2d
7b47
697b
6071
3c25
6369
8158
747d
475b
6451
4050
4143
7097
8e8f
5682
604b
3a46
8c49
7e91
6f92
4943
4b56
465e
585e
6e53
9b76
8766
5a7a
674f
5041
9b8b
4f5d
3e47
474f
5c6e
3c77
2c26
7771
7b69
3142
743a
5071
5050
3355
3123
3033
232b
5e4a
3c4d
283b
3218
1b2e
2525
363b
3649
191d
232b
5252
2d51
5043
1a3d
2d41
5c33
4a5e
4856
4a2a
203d
5436
4627
4352
432d
6e74
355c
3748
4a55
5441
6544
4b3e
5848
1a30
441b
4b60
534f
4a58
2835
201a
6f3d
4566
2e4b
555c
3d60
222a
3d2f
5832
4e58
2e5b
231d
453e
585f
435e
2a32
2a2a
5056
4c53
2e41
5059
224a
3112
3e2e
2147
340c
263e
0f17
211d
3e1e
b79c
439c
3920
a775
218d
100c
a655
d1ad
bdad
1e82
620c
1b33
8d55
d6a1
c7b4
3371
2f0b
bf3e
98dd
4961
7d6a
2c65
af38
6090
5f4f
2d23
3b46
5833
4260
476a
2e29
4b28
153d
5a44
4765
3849
6046
3148
405e
353a
563c
7370
6260
4f4c
4858
5237
7347
657b
6265
402e
6b66
7a4f
606c
4e76
6c66
4648
3a49
7289
7184
5667
6643
3d46
944b
7884
6f86
5643
4359
4656
5360
794d
9b7f
617f
715a
6659
4b42
9d8e
5162
414c
514f
5982
3c71
2e29
807a
6e67
2c3c
7432
5860
5458
3c50
3123
2933
2b31
6552
374b
2b3f
351b
222a
2822
3842
3847
1b23
2333
524c
203b
4b43
2846
303d
6138
4a59
4653
5025
203b
5b38
3b1a
4346
3e22
6c6f
355c
2d56
4e4a
5441
6544
4b46
5248
222d
3e1b
4263
534b
4a4e
2532
281d
6c3e
4661
3947
4a65
3050
2820
2d2d
5632
4e50
3053
1d1d
3e34
4e5c
3d58
202a
1f22
504b
4756
393d
495a
254a
3a1a
3b3e
1c3b
3a0a
1e39
0f19
261d
1e24
9d63
b6a2
ca7c
b9df
352d
175c
2721
af3e
56c2
0209
1e00
0228
1209
6b1b
4484
0404
0218
2800
d3ab
d7e6
95b1
3144
5a1b
5e95
283b
3517
463d
652b
3f70
4f60
2b36
4b28
1a40
6047
4c5f
3559
6841
404a
3763
2d2f
5034
7370
5c5b
3044
4651
5640
7149
5f73
5757
481d
6b66
7e4f
456c
4e6e
7c5e
4649
4f56
6d91
5d8e
565c
6346
3d46
8c4e
7b81
6d81
5e43
415e
4659
535b
875b
a37f
6e7b
7983
6c5f
4d44
9d90
5765
4f57
5157
5481
4765
342e
6f7c
6c5a
2c3f
6e34
5463
5e59
3c50
3121
2b31
2b2b
5542
4755
2b54
3518
262d
3028
3642
3847
1b23
3426
4a54
2630
4b4b
2a4a
413e
6747
4b5c
4850
532d
3046
5c3b
371a
4842
3620
6971
3856
2a3d
5658
4c53
753e
5049
4e58
1d20
441b
4760
533f
4e50
2748
2f1a
6e4e
435e
2b46
5057
2f4e
2820
2f3a
4d3d
4d4a
444e
262b
4245
4867
3055
221b
2a20
504e
3f53
3937
5261
204a
361f
3336
2439
4713
2134
0f17
201f
1924
2909
c954
c6e1
51ae
0902
192b
0708
290f
2f49
000a
0000
0704
1100
4216
2d5b
0008
040c
0e0c
8548
c358
b5cc
1c1e
1124
4131
1326
381a
433f
6531
4768
5262
2a41
4b27
1b43
5a4f
4461
3a5a
634a
394d
3758
2f35
5b3d
6b72
6758
2559
4856
5240
7647
6973
5173
421c
6e67
734a
4270
4367
644c
4158
5b51
6a99
4794
565e
6646
3743
8a49
757d
6d86
4e4e
516e
4b64
5353
8f60
9e90
5853
7e98
7757
584a
a094
5160
5454
5457
4d7b
3f52
3232
677c
696f
2c45
7c40
5969
5c56
3f5d
3121
2b33
292b
4d4d
4b55
2e45
2e1e
2b2e
3023
3c47
3244
1924
4837
4755
282b
5046
2046
4335
6141
4b58
424b
502f
3049
5b38
3d1a
4b3f
352a
6c6e
3b4f
2a46
6660
516c
782b
5861
4860
1d1b
381a
4b5a
574a
505e
2850
281f
7149
4864
2846
5d53
3558
4122
4b4e
4d46
534f
3648
3133
403a
505f
2d55
221b
321a
4d4e
3f4e
3132
5667
1a46
3622
3636
243c
3a0f
2439
0c0a
2125
1921
3e07
3337
bfbf
7fb4
975b
0247
1c11
5e12
b4b4
408c
0002
0707
2a24
a732
9fba
315f
0200
2a02
4155
9866
919e
2d55
0710
250c
1326
4113
433f
652e
474f
586a
3243
5225
2048
5a3f
526d
4b60
5d52
4848
3758
372a
5740
6078
6263
255c
465d
5046
7944
666d
4163
3726
7467
7b52
4870
4967
6151
3051
4f4f
7189
5f8a
5866
6346
374b
8c51
6572
718c
4e56
5669
515e
5348
936d
9b88
3b4b
8890
6257
5847
a09c
4f58
3e49
5a51
4b76
3f51
2f32
6d7c
586d
2c42
7348
6160
5c61
4260
2c23
2b37
292b
555d
5d47
344d
2e19
232e
3121
4d4d
3044
1931
422f
4c4f
3926
4a4f
2046
353b
6544
4b4b
3b4b
4b31
2843
5138
4622
4b3d
362a
6f6c
3b46
2d49
525d
4f59
7223
5667
465e
262a
331d
606a
6752
5060
2f52
3820
6946
485c
2e40
5059
2d4d
2d1f
4b4a
4f45
5355
4146
3737
3a3a
5557
355d
1c1a
321a
484e
474b
372e
5066
1a42
3622
2e34
1d36
2c09
1f34
0a02
2125
1328
8e3e
98a5
9a94
7885
6e86
192a
7369
8683
737a
6762
025f
200a
6f3f
607e
866a
6c6a
0039
4519
7b52
5662
9174
3b83
1718
5d52
6137
361d
493b
702e
4f44
4c5a
1d22
4e28
1848
6a44
586f
445d
5b52
4e40
3758
403a
493d
6d70
7068
2f64
4056
4830
7353
6673
4655
3722
7c5f
7b60
4670
4e63
5c51
5151
4746
6d86
758a
5e66
6048
3250
925c
6d72
6991
4e50
4961
565e
5e58
8568
9e80
3b68
6974
5c5f
533e
9896
4f53
474c
5859
6f77
3f47
3732
6e77
4b78
393c
7c45
596c
6467
4564
2c2b
3131
2b31
5b50
4f31
394e
3f2e
2134
2621
5d4f
3344
1c33
453c
4a42
4441
524b
2046
323d
673a
504b
3f4e
4b32
3051
4c41
4028
4835
3b27
7467
3b4e
2746
3148
5446
7826
505e
4058
2227
2a22
5a6a
744f
5060
284a
2827
6935
5853
264e
5043
3248
2822
483a
4f4e
4858
4143
2e23
4245
5767
385f
2220
3b1a
4a4e
2c48
3937
5067
1a46
311f
3636
1731
340f
1c34
0702
2621
4c18
a58b
7da0
6a5e
8788
4798
3e00
ae7f
2c6b
5f4e
a774
3192
4d13
7099
5525
5772
b2af
2f99
6a1d
3a7b
5d0b
aa96
9fe5
2b46
7f7f
6b54
3264
3d3b
6536
4145
584f
2226
522d
1a46
7044
6077
3363
6350
4048
4b4b
4a6c
5937
6b6d
6778
3d53
3d58
4a3d
7e53
5665
5652
3728
7167
8160
5c78
4860
5c49
4746
416f
6781
788d
5b6f
684e
2f4e
9a58
6d6a
699c
4956
4959
535e
7361
8768
9e72
3b84
6471
5f51
6049
9e96
515d
4f57
4c57
9089
3f71
3535
8382
466a
3a3c
7f58
7260
5f57
456c
2e29
3231
3134
604f
4b2a
3250
3f24
2434
3c1c
5360
3844
1f33
3a48
4c43
3b51
6057
2042
3b38
653b
534b
3756
4b2d
475e
4141
4122
483d
3625
7167
3b4f
2549
4658
5143
752e
5049
435d
2527
3a25
6272
694a
4b58
2542
201a
6938
665c
2a5b
554b
3250
201a
5242
5557
5055
3b41
3726
473a
4d66
3b5d
252a
4620
484e
334b
3f37
4a56
153d
391c
3634
1431
2c09
1c2c
0f07
2824
2819
7c61
7b5a
4c8c
b12d
a7d7
306e
4c8c
571f
86a2
c741
9dbe
3e45
266b
a764
48b2
ca57
a4d3
5039
242a
8948
a6aa
e7bf
9374
7f98
75a0
5971
3d37
622e
4755
523f
2320
4e32
2341
6044
6d81
416b
6352
3243
3249
6853
7140
5078
6f78
3a4b
465b
504e
7b54
466d
5850
3230
7167
814b
7589
4653
5641
4956
4f88
7281
8e88
5677
7050
374e
9a73
6562
67a9
4b58
4b6e
5653
583d
8570
a37a
347f
5c51
574b
684e
a094
5763
4a51
4a59
8f87
477c
2f37
7b88
5e6a
3a3c
7c5d
5c69
6f4a
477f
3731
3937
333c
6960
532a
2e50
3421
273c
4517
4c64
3b42
2134
3a3b
4c55
3b41
6369
1a46
3a36
6541
5c57
374e
4b2d
4c59
3b4b
4328
4b56
301a
7d67
3f47
2d56
414e
5138
724c
5046
4260
2a28
512f
5577
6a4b
4b53
2d4a
201a
7342
565c
4156
4d5e
4056
271f
4640
5555
5857
3e3e
3936
4c33
4a60
2858
2225
5022
4853
3747
381e
4b5e
1c27
311f
3e26
1331
311f
2431
0f0c
2929
1919
7865
ae8f
8cad
6b3c
c5d4
1d77
3139
a166
c7a5
8f6d
c4d1
0e45
7c2c
a3a1
7d97
b45a
afc6
1842
523c
ab73
aeab
e2c9
9f93
c9ad
b2d2
8193
2d3d
6a2e
5455
4a36
1a15
483d
2640
6841
6378
5165
584f
3a3a
2a4b
7048
7056
5d78
6260
374e
4658
5045
6d5f
5266
4b5b
372a
715c
6043
7e8f
5056
5341
414e
6564
6f83
7973
5382
734a
3853
a38a
5a5d
6fa4
4959
4661
5764
6453
927e
a08d
3f7a
5661
6443
6549
8a87
5160
5f69
4a59
9278
4d86
2d37
768b
6f7f
423a
8a5e
5f74
675d
457c
3a31
373c
3137
745e
4f34
3156
3c2c
434a
481c
5060
4245
2237
372b
4255
424f
645f
203b
4341
5f3b
5e5a
3a4a
5c2f
3b57
3e3a
4328
4a56
361a
7c69
4649
2f5b
3a3a
4c28
6f33
4e4b
425c
2a27
3827
3772
6a45
4b53
2f42
2520
5c4a
4858
4959
4d56
4650
2822
3d40
5555
555b
3330
412e
4c3f
6c5e
254b
221d
532a
4855
333b
351b
465c
2022
403d
3c26
2531
3629
2741
1314
2c29
4e2f
bdaa
a3a5
aaa5
6d75
c8d0
186f
7046
a395
b5ab
9475
bfd2
1345
a079
a3a1
758f
af6c
b2c9
2f4a
8478
9e8f
b6ae
eacf
bb86
c7b7
dce3
8c9c
3859
6d32
5447
5430
201a
4840
1d43
6865
636d
4b63
524f
3d32
3248
6656
8468
5c81
625d
3756
3d49
4645
606f
5c6d
4852
3d2f
7162
4737
7987
495e
5e38
3256
6549
7183
5d72
6092
6846
3e56
9b8a
6357
69b1
3a4b
4b5e
5f61
958a
9286
948d
3772
5759
7447
785c
7373
6572
5f77
4f57
8c7b
5383
2d3c
7d91
6574
3a40
8b58
5f6f
5a6e
476f
3431
3245
3c2c
8658
4065
3458
3c2e
4b45
5e2f
5361
4a46
252f
2127
4a4f
424f
5c5f
1a3b
4135
4c33
6157
3550
6c35
2957
4136
3d20
4e53
3520
6f65
434b
2852
323a
5430
6733
504b
435b
3835
2520
3765
673f
5053
3542
2525
5346
4352
4751
5053
4650
272a
3f40
4f55
5255
3339
492e
4f44
6666
2243
1c1d
4d27
4a52
3644
4330
405b
1a1a
3127
3929
1f31
311d
2245
2417
2c2c
4e21
beb2
9ba8
78a0
6350
c8d0
1778
683e
959f
85a0
984a
d3ce
1250
9d6c
a99e
6780
ba55
c5cc
264d
8f6e
a79e
aba4
e2cf
b778
afa0
f2c3
919c
3e5c
6737
5244
582b
251a
5046
293a
627b
716a
466b
524f
412d
374e
465e
8166
6565
6a5d
396e
3750
4a4a
5d65
626b
4e4a
4330
6d6d
602d
7586
415f
5632
3356
5c46
6781
4d6d
5b8a
6046
3b52
9580
654c
69a4
4051
4f61
6453
655f
7f7d
9c77
337f
5349
694e
7349
696d
8689
425a
4f5c
7c7b
5375
2f45
7c8e
5c6a
393c
9454
4e6c
5d73
4474
3c34
3245
372e
7d60
4350
485c
432f
4547
5834
4859
474b
2d37
352b
525b
444f
5c64
1d3b
3a3a
5438
6152
3250
6e38
3057
383a
3b25
5358
3520
6467
463d
3053
2236
5c3b
6d33
5349
5060
3040
282a
3761
6937
5858
3d48
2728
5b42
4650
4459
5853
4252
2a32
3f2d
4f55
5255
3342
4a31
534f
6666
1a3d
1815
502d
4852
363b
4636
385e
2212
2c27
4124
0f2c
2e27
2231
270f
2c2d
3d1c
c0ac
99ab
4e85
5d21
c8d8
2489
3650
a07f
4b9e
992c
b5d8
2a43
675f
968f
345f
c35f
8ec7
6154
5934
9f9e
b39f
bcc9
6065
a683
f2b5
8c93
2854
6837
5747
5a2a
2220
5043
2932
556b
6d6a
5370
554f
4832
4050
3760
7870
6a65
6a5d
2f6e
4153
4a46
586a
575a
5052
4a3d
7868
892e
6784
435c
4632
3856
624e
6f8e
5470
566b
684e
364e
9d80
6b62
6789
415e
4e5e
6c59
535c
7c84
a47f
4f82
5f6e
5c41
7449
7a7f
8494
3b4c
5857
827e
4b7a
353a
7c91
504f
393f
8954
4e6f
556a
4f77
3a37
323c
3737
9069
6c4e
3764
432f
434a
6034
5660
4d4b
2d37
4e2d
4b73
4259
5c6c
2f43
3849
5c3b
6151
3248
773e
3b69
433e
3a20
4653
3018
5e69
4835
3058
2235
624c
6533
5849
535b
3549
282f
3b57
6147
5d58
4050
2528
583f
5650
3f5c
5d57
4e55
2727
3f30
4f5b
4857
3f38
3b3e
5357
5e66
1a38
2820
4d43
4652
3636
4b3b
2860
2a26
3125
3c1e
112c
2e29
1131
2911
2c31
420f
bb9b
a29f
347f
5e31
70cc
3a18
808d
8158
1950
9844
3a98
7959
4d9b
4b39
333c
885f
3386
9878
2b78
9063
6480
487c
7340
5e52
9ba0
7062
284c
682e
6247
4528
2015
5048
2e22
5873
7e6d
5368
5b57
463a
4048
5570
7b7c
5470
685d
2d4e
4851
4340
5588
4e6a
5255
584b
7665
972e
4681
3a56
4e36
4456
7551
6d91
4e6b
565f
7b4e
3956
a586
656f
5f7b
4161
515e
7461
5957
8c9c
9d90
337a
5757
5f41
734f
8887
6ba7
474d
4f4f
8a7b
4f80
3b37
759c
452e
3a4a
8169
5f6e
415a
5580
3740
2f3d
3a3a
8658
775d
2d51
3f2a
4d4b
5c37
5b59
4b43
2d3c
3e2b
4860
5161
5c71
2746
3243
6130
5344
3253
793d
4175
4341
3d18
485e
3525
5e6c
503b
3858
2035
5c54
6733
5c53
5b5c
3558
2a27
3749
5147
5d58
4058
2222
583f
695b
3752
5e4f
4655
2a22
433d
4f5a
4a55
3f39
3e44
5c54
566e
2037
412a
4d42
4252
3e2e
4f3d
2a61
1822
2f25
3921
1334
2c29
0226
2917
272f
3400
c2b7
99b5
3370
bc6e
0b6e
5d20
7790
528a
603e
c29e
0741
663e
a9af
5c7e
a167
8279
0227
750f
a0c3
7092
4d4d
554d
5319
758c
5187
5c54
263b
683f
5f3b
3122
2015
4b46
4422
5a71
7372
586d
5557
4b37
404a
737b
8a6e
4c6a
6d63
3156
375b
5732
5378
5381
6b63
3d3d
6d68
932e
4b86
385c
5e38
4956
7938
7597
5362
526b
6346
365e
9d82
6b60
617b
3e67
5953
7657
5764
988e
90a3
2b7f
5f5c
5d41
8757
859d
609f
4545
5851
9a86
528e
3837
6ea4
4430
3a4c
8756
4c77
7359
5075
3245
4660
3c3a
834f
7b5c
3755
3c2f
5352
5840
4e5c
4a3a
3645
3333
4b58
4759
5c64
274d
304b
5a23
4e49
2e4b
663d
3071
493a
2f20
4650
3028
665c
4a48
3a56
223a
5459
6f4c
4e51
555e
2f5b
281a
4451
5947
5b58
3d58
2227
5643
675f
3b52
695c
3550
2f25
4828
575d
4855
3933
3b41
5c54
586c
2835
4240
4642
3d4a
3926
573d
2761
121f
2d2a
3921
1324
312e
021f
2714
1f2c
0404
bb56
cab5
669e
8a9f
000e
5b57
444a
b642
ebc8
3bb3
3109
1b3c
874f
d4b3
eacd
178f
050a
1f04
425d
9387
7a93
631e
1136
a09e
3750
614f
1430
6747
5930
2e28
2315
484e
651a
6573
6e72
6068
5652
5232
3d48
6356
8970
4c6d
6a69
3558
3a56
6d2a
5878
4a7a
6865
4643
7367
933e
4884
3856
5c32
3356
7a38
7996
6860
6077
5b52
3b50
9b7f
7360
6787
416d
6157
6957
5366
9d81
698d
3b89
6753
6447
7c62
7a9c
6996
444a
6056
9291
5386
3e37
669c
3733
394c
a267
487c
6e61
5c78
3446
655b
4345
7c62
7346
464f
3d33
534b
5c45
596a
4b4b
354b
422e
4e54
3e6f
6357
2a4e
3543
542b
5047
303d
4e46
2a69
6141
2d35
5c42
2b28
5e51
4253
3256
283a
5449
6144
4b51
5058
3246
3230
5454
5147
5d58
425e
2727
5648
6564
4c54
6867
374a
2a27
4825
5d5d
3f5b
372e
4449
5f52
5674
302f
313a
463f
374e
4420
573d
1262
1f20
2c35
3e20
0f1c
312e
0217
2717
1a29
0704
1b0e
6622
5473
093c
0e24
1d0b
690b
6c43
dae4
007e
3e00
367d
4a0e
9b63
e2d2
007c
0205
0a02
1b1c
290b
0024
1b00
4e50
ae6c
68b5
6132
2b30
6560
4312
2a36
2315
4e4b
4418
756d
7672
5e60
5b5b
482f
4552
4552
847e
5765
686b
355e
4349
6d22
5b78
5275
5b70
4640
6d65
a34a
4b7b
3a5e
5e38
4f56
7d41
7591
7275
5b7f
6b48
385e
937f
6570
7192
4469
5f5f
6f5f
5664
9d7e
718f
3b60
5c4f
7149
8567
7198
6f85
424a
634f
8399
526d
403c
6a9c
372d
394d
9f6c
4e74
6d61
5c73
3a48
2f3c
463c
6786
6d49
4641
4037
4d50
674e
5c67
5d5b
3048
622e
555f
4969
6669
3265
383a
6130
4e42
2e43
4b48
4361
4e40
3425
6452
2b2b
5941
3b5e
2a53
3022
5443
6141
464b
5860
4850
4b49
3f51
514a
5b58
3d5d
3022
5848
6971
4442
686d
3142
2a27
462f
555b
3d58
262b
4f44
644b
5271
2635
2d30
4642
504e
4c47
5c43
1051
1f25
2931
3e26
131f
2931
021c
2914
1725
080a
0f1f
0f00
071d
0400
7633
a1a7
3e5b
5c31
ced4
8dc0
001f
0b00
3f43
9841
a3b4
71b3
0002
0302
1d00
844a
5e89
0231
8526
ae9c
94b6
515b
313e
5a6a
4028
2835
2812
3b4a
4f13
6d68
7372
565b
555f
5032
485b
3a50
816c
4f63
6d6b
3556
3a4e
6820
5e78
6d72
5272
3c37
736d
9547
538b
3249
5e3a
5156
6d49
818e
6568
536f
6e3f
4176
9082
6b70
7995
3f61
6f61
6164
5159
9c81
658f
3854
5f5e
7f49
7767
7994
7387
3c58
5847
928f
527d
2f3f
6b8f
3c2b
314a
9e5e
666c
6a4f
5c65
3a46
3737
4134
6589
684f
4849
4640
4e53
5f48
5d6f
5b41
3843
5e30
5557
4961
606e
275b
413d
7141
4839
354e
5950
4e6c
5c3d
3146
4152
2e1b
5b3b
3b5c
3056
3a2a
5443
5f4c
5351
565b
405e
5132
3b4c
564f
5b58
425d
2d27
5e4b
6976
3331
605f
4648
2528
3f30
555b
3d55
2e22
5954
6c53
5079
283a
2d3b
4e50
5053
4c3e
644e
1741
3c58
2834
3a26
171f
2e2e
0a1d
2917
1925
040c
2c0c
b07a
85b6
1c54
5e12
9ca7
745e
789b
996f
6d81
1364
3d00
907a
5873
8b6d
8a7f
1a60
2407
c587
9e8b
8aa1
7077
484f
a465
5694
5181
2e20
5f68
4638
2835
3018
3b4b
571a
6773
766d
5655
4e5f
5035
5052
4848
765e
4c72
7073
4056
4048
5c20
5373
6575
5878
373d
786f
7f3a
5e97
3046
5c3a
3b53
6947
8989
5c7a
6061
5c46
3e5d
8881
7176
7aa0
475b
6161
6164
575f
9984
618a
3753
595e
7162
7268
769c
6865
4f52
6052
8789
5883
2f34
8394
3f35
394a
8e50
6f6f
684c
5e73
3d4e
3b37
4337
5c81
754c
4c43
4843
4e53
674e
5789
5335
3f46
742e
4d68
3a54
5864
2542
493d
653b
5e3b
365e
534e
505e
5e56
2f40
3b52
391d
5b3f
3a51
2a53
4938
5441
6954
4653
5b52
405e
5938
2b44
5747
5b56
465d
2f22
5856
6466
3b38
635c
4e4a
2a32
4640
555b
3052
3822
615c
6653
5371
2d41
404b
4e4a
3f53
4c2e
6953
5838
345e
283e
3628
1c13
2831
0a1c
2927
1f1d
1f07
be64
d0e5
6fce
5943
0f3c
2400
9072
314d
4367
bd6e
4782
4326
5d8a
3927
5452
d2a2
5fad
9d20
afe4
b479
7da3
af8b
3378
7f74
9696
8689
2c18
5f63
3a28
2830
411b
3d52
4f1a
6576
6b5f
6663
485b
4a37
635b
5040
705b
4f73
727f
354e
434e
5c1a
5381
5b75
5d5f
3737
726d
602d
4e96
3848
5e32
3b56
653e
8389
5975
6356
5b48
365b
987f
6d78
6aa0
415b
5f59
5f67
6959
9f94
718d
3268
5750
6747
6765
7b94
523f
5a42
716a
8789
5a86
463f
899c
3733
3945
903a
6d77
704c
567b
4050
2f37
543a
8076
7064
4843
4949
544e
785e
4f86
5441
3646
7f34
5362
3b47
5864
2a4b
4e46
5738
613e
3b5c
4a58
6456
583b
2d32
4350
4f23
6144
4651
1c50
4b2f
4941
6957
3249
5d56
3a52
383a
3051
543c
5550
405e
3522
5658
6c68
413e
606d
4b48
3235
3f46
585d
3553
3928
5b54
6a50
6175
2d49
5050
434e
3d4a
4a2b
7157
5048
291f
2e3c
282e
1607
3631
0c29
2929
211c
5a04
d6a6
c3c6
8fbb
3a4b
0775
121e
2c38
5e20
4a97
aa29
9dd8
1d60
2b2d
823c
458d
ac3f
66d0
8f1c
a7ce
b49a
99ac
bba9
8681
b1a6
c7de
a5a7
2150
5478
302e
2328
3b1a
465b
4c1b
696b
6556
645a
485b
4e31
5a58
4d3d
6b5b
576b
7084
2d48
464e
6518
6084
5b71
5252
3730
7165
542b
5e99
4149
6337
4453
5c44
8187
6563
634d
5c46
2e5c
8d76
866d
5f9b
4c54
615c
645e
6146
9c95
838f
3064
4b4c
5d3e
7251
768c
5a38
4f52
6b5d
7b8f
5582
3445
7f8c
3133
3f45
7733
6d76
764c
5873
4048
3b3b
4337
877f
7f70
4949
4c4e
5154
7b57
558b
5641
3848
796a
5362
3e47
5864
2f50
4b4b
5c38
613b
3b51
535b
5851
5051
2d1a
4e53
4726
6c4c
3d49
2243
4137
493a
614c
3551
5b4a
4b63
2832
334e
443c
5b50
375e
3b2d
5858
605c
4138
5d72
534a
3b35
4248
5b5d
274e
3b1a
6359
7a68
6972
274b
5050
4e48
3763
4a23
645c
1930
2c17
3439
2436
1607
452b
1425
2431
2521
4511
c9ab
bbc1
8cae
6089
3666
2750
3b28
9252
76ab
842e
c6d4
124d
4739
a660
7ea3
a255
62d5
9c2a
7db4
af8e
b4af
c9b7
9188
aaa6
e7e0
a5b9
2e81
5c73
3832
232e
4622
3d5d
4a13
696b
6758
6658
465d
4d31
5a50
5239
6b66
5968
737b
2f52
5056
5c1a
607f
4e71
5252
4030
7965
4c2a
6493
3841
6038
4956
5144
818f
697b
6650
5c41
305e
8a71
8365
589b
5149
565c
6e51
5149
948d
7697
3656
4951
6741
724e
7894
623b
4562
7362
758f
5382
3a47
7995
3730
4a45
6c3f
657a
7658
5c78
4246
4049
4c48
7f7f
7068
5147
414c
4c54
7e55
4d97
543e
4f46
6876
4d67
3644
584f
2a4b
4b4b
5f38
613b
3b4f
635c
5e59
5966
3a22
5055
4c30
6449
2843
2f37
505b
4c3a
6447
2d4b
6352
3d5b
302a
3351
3b44
5d52
325d
382d
5858
5053
3935
586d
584a
2f30
4542
5658
2548
4422
5b57
7960
6d72
2749
555b
4e50
2f58
4c3a
5c53
1a28
2d19
333c
313b
310f
4136
241c
243e
2920
471f
bea6
b9be
9ab7
455a
8e83
365c
5829
9377
6e99
813d
b8d2
1348
6642
a177
859f
9957
84ea
7741
7990
a796
b7b2
cdc1
8578
8a94
dcb3
a5c9
4189
5c68
353b
222a
4b20
374e
5415
616e
5c51
694f
405b
5237
5a4d
5532
7966
4f6d
7873
4052
5069
4f1a
5c81
506f
554a
4630
7665
4f2e
4e96
3041
5b38
474e
4f3a
8f94
628c
6b52
6040
3260
9884
626d
4fa3
5341
515c
674b
5949
9193
6a90
385a
5151
7141
674f
7e8b
5441
3c54
6d5f
7b87
538a
3a41
7d99
3430
4745
7540
4c77
7958
6481
4042
3840
3e3b
8281
7f76
5444
4651
4956
7059
4462
5b41
5a46
6076
586a
2331
5849
254b
4643
6247
593b
4351
6058
4357
494f
4e22
5855
4743
6c5c
2a43
2f42
4046
5441
6949
2a49
6b5b
375d
2e27
365c
3e41
6056
375e
3525
5358
5b48
3138
5662
5853
372d
3f35
584f
2258
4928
5857
774e
6572
2743
655e
4650
2d48
5138
5353
1223
3112
3636
243e
310b
3e33
241c
2041
2c1e
391f
ae9b
c1b6
6eab
6756
7895
4352
7039
9c8e
5b99
7f27
b0d2
1b43
4342
a46c
4394
a142
92f2
5a10
769e
a088
ac9e
c3d6
8a6a
ab84
d6a6
9dd7
418e
5472
3843
262b
4320
374e
551b
5f7f
6a4e
6658
435b
583a
4a4d
5232
785e
4f6d
7871
6460
4b71
581a
4f8c
5379
524a
4632
686a
4630
5677
3251
5b43
3550
5336
8a9c
6587
6850
6046
325e
8784
5a75
41a8
4b36
595e
6f49
594e
8b90
7292
3178
6959
6c38
6c61
6d83
5f3e
394a
634f
8689
5085
403c
8d99
3247
4245
914b
2667
8c3f
6987
404e
4040
3540
8784
8a76
5144
4949
515e
4f49
515d
5649
634c
6071
656f
2336
5e4b
204a
3f43
5f3d
433b
535c
5053
4953
4959
4e2a
5257
3e3e
6f69
2541
3548
2a32
4449
865a
2a47
6056
3758
3027
3f69
3a3c
6052
3a5e
3527
4e5b
6348
3f40
5365
5358
3232
452d
6355
324b
4c28
5657
7753
616d
3053
5b48
3f4e
2f4a
3e18
435b
1226
3117
3934
3c52
3c19
3b41
1c19
1e31
2420
212f
a672
a09b
7082
da8f
67d0
3528
708c
9685
4b88
821c
7ae9
4f2b
4285
9e58
1f8e
9150
46e3
450f
a473
a58f
d2b0
dbef
6b71
b38f
d4b0
9da3
2e6e
5478
3535
2a2b
4320
3552
4c20
617b
7d46
606a
485d
5a40
4250
5b37
7b5b
4269
7e6e
5670
6059
4f2a
4f8c
5071
5046
4328
6b6d
502d
5864
3051
6061
4953
5649
7992
5a81
6650
6049
385c
807b
4f75
41a0
4136
5b5c
6f4b
5651
8990
8390
318a
5659
5141
885f
6887
5941
3649
654b
8b95
4d6c
4837
9894
3a55
3748
ac50
5465
975d
5978
4645
3d43
3b4e
8784
8292
4d42
4751
5458
5d44
4f96
5c43
6354
6a61
6a6d
2832
5e53
2748
3d4e
5433
2d31
5860
6458
4a62
4954
4a28
5255
303e
7c69
283d
3a4e
2a35
533a
6f49
5158
5853
3756
3b28
3767
673d
5b56
3956
302a
4858
6b48
443a
6065
5055
252d
502a
5057
2d46
4922
5c56
7164
656d
3751
5548
3a4e
2d42
3e12
4151
1a2b
3a19
2e36
1f36
2e17
3944
1913
2028
2820
342c
742e
a1a5
9d99
a26c
69a7
2f2f
847b
9464
346f
3149
478b
320e
4a5f
8b32
5a83
3147
006a
540f
4d3a
7c90
a291
60d6
5565
a486
8e9f
9f78
3a26
5970
323d
1b26
461d
3a52
492b
5f73
723d
666d
405b
5842
4355
5b40
845b
4460
8376
2f60
6049
4c2a
6092
5669
5650
4626
6972
574c
537f
2e57
5b5e
5650
4e4e
8a99
416d
6650
604e
3e5c
7b7e
446f
549d
4c3b
5661
7e51
614f
7ba0
9a92
3385
4f5e
5935
8357
868a
3e51
4147
5a47
878c
5255
2f37
8b89
3951
324d
9c4b
545f
8471
4768
4641
4349
3b56
7d7f
7695
5440
3e51
5456
6a48
429a
5f42
5654
765e
6d6f
2d22
5953
2a46
3052
5830
2a2b
6058
5c5e
425f
4651
4e28
5855
2a3a
7159
2f41
374e
3038
463a
6e3d
4048
584a
3752
542e
4a75
6a4f
584f
4255
3528
485b
6b3b
3737
5b62
5058
2225
4a27
584f
2843
4722
5f56
6f61
5f72
3251
563f
324a
2743
4112
3051
1028
3e1c
3134
0f29
260f
3633
1713
1e31
2420
3a14
2039
724e
8d6c
7ca6
6353
2d46
1e25
7d43
7875
285d
0723
1602
1421
642f
6373
9e50
0731
130c
5357
6768
eaa3
8795
104d
db9d
5f84
4f75
5306
4968
384b
1b1a
481d
3a56
471d
5f81
6a35
646d
3d4e
5d45
4358
5b39
8153
6260
6577
385e
5950
5727
588f
4b6e
5958
563b
8072
5869
5875
2b53
6040
4a4e
4848
9497
385c
6c60
5e48
4b63
688f
5164
47a2
4b3a
5e5e
8559
5953
8098
a08d
2b7a
4f53
642a
8b5f
8193
4751
334c
5a53
8792
4f52
3337
7d87
394f
454d
703c
5174
827f
4981
5e54
3d56
4359
7481
7995
5439
4151
5859
7453
4492
6140
5057
7f4b
8370
3528
5859
323d
2558
5830
352e
5b5e
5e56
3e69
4b59
4b22
585b
3638
7159
3740
465b
2a35
4338
6f46
4635
5858
4050
4c30
4a70
4c4d
5849
4656
352a
4356
6e46
2e38
5862
5355
222a
4a2a
5c45
2235
4822
6653
6a59
5475
324b
563f
3248
2240
4317
2a4e
1225
391f
2e2c
0f28
3313
3136
140f
1e2e
2c24
1313
314d
7928
d7c6
4093
5251
4b52
7f5e
2f02
124a
1407
4420
4363
2f62
4000
135b
2924
0700
0214
6611
a647
d1e3
5b99
160f
8053
679c
163b
6013
326d
3b3e
1b1d
4b1d
3256
371b
7181
703a
6672
424e
6645
3a60
5b37
8156
655b
4c80
3d61
584b
5f27
4a97
4182
4e4b
5636
7f6e
5a5d
6088
3b4b
6448
464b
493d
8a92
4360
6b63
5640
5164
6294
4b61
479d
473a
6e61
6c59
534f
8393
9d7c
2b85
4f56
5c38
9862
7193
573e
304f
5a6f
9287
4c5d
3537
8a8f
3a47
434d
5a34
5780
768a
4470
665c
5164
4354
828c
6e9d
5439
3e57
6166
7653
448f
7a4d
3f67
963d
9579
3830
6059
3256
3052
4c30
3833
565b
6450
3b69
4959
4e28
585d
4347
7456
3d37
465c
2a2a
4343
7449
5e38
5860
4352
3e2a
4572
4a4d
5e3d
4e5b
3532
4252
7c56
2b41
5249
5c53
2237
4a2f
763c
224e
4122
6c53
6a59
4b77
3f3b
5042
3148
203a
5017
274e
1422
3927
2b26
0f36
3b13
2c3b
0f0b
2429
2c29
1313
4436
7718
9dd2
4277
733f
e898
4099
6536
c5a5
0257
2a07
a783
140b
7566
dbb9
0f5c
0204
0202
3a09
5e57
7983
044d
4700
9b7d
b9b1
1358
5213
3b75
584b
151e
4b20
304e
4f26
6979
732f
6e70
3948
6b4a
3a55
5d37
7b66
684c
436d
6061
585b
5f2d
589f
6575
7456
4332
7c66
5a60
5c8e
3856
6856
4350
4e37
9394
5c71
6e64
5b3d
495b
5884
4b51
4fa5
4936
6f69
6446
4951
918a
a08a
2e8b
4756
6043
945a
818b
5147
3854
5a57
8f97
5372
2d3f
9283
354d
4b4d
5534
878f
5884
3867
505c
5951
4151
8587
769a
5c37
3654
6c67
814b
3f92
7257
4467
a760
9177
382e
705c
435e
385b
4c2b
3b3e
5b5b
6660
3b71
5b44
533a
6058
4151
7157
4632
465e
2a2a
4143
794f
603a
585c
3d48
3a2e
3f78
3f3d
603d
5860
3732
4656
7153
2e49
5b49
5c5f
2a32
4a2f
6b42
2a42
4328
6858
6d5e
446f
4a43
5048
2d48
1f48
4e18
2a58
1222
3624
2c26
0f39
3620
2c36
090b
2e29
2429
0b11
2810
9d89
877b
4462
3e13
b9a5
6852
8dce
9e47
4ee3
0000
2409
a961
54ba
682c
4c94
001a
4619
c972
7696
4353
5b46
471f
9384
95b2
5478
4415
3f68
5549
2324
502d
2846
5531
5f77
6a28
6670
3537
5e4e
374e
5b37
8969
684e
4057
4861
5e57
5c37
5097
7d4f
685f
3740
7a72
556b
587a
2b53
684e
4b5c
5940
9e8a
4f76
7653
5842
5c5b
5f8a
416c
5d9d
4936
7761
5e47
4951
9c82
9e85
3172
4e53
6441
805f
7b80
5751
384f
5a57
8f91
5468
334a
8f5f
357e
5345
594a
928f
4a81
364c
5058
5149
4859
9271
799a
5842
3644
644f
914e
3998
5f4f
4d57
9e66
9978
3830
705c
464a
375e
4723
413a
5b5e
6c64
4269
6c4f
5240
6055
4956
745c
4638
4a60
302f
3535
775e
614b
5f5e
3746
4130
4b70
413d
604f
505b
3a2f
435b
7756
3344
5f57
5b67
302f
5b50
524a
272d
4a28
6656
656e
3b6d
484e
584a
2046
1f32
4e27
2950
121f
361f
342b
0f2e
4439
243b
0707
2e2c
2424
3114
bb6e
9dbd
4d6d
5e4f
004d
4f2d
e199
81ad
2f56
7448
003b
772e
cdd6
94a0
488a
572f
1b5f
a443
b0e1
846d
7795
898b
2664
5b3b
6783
8b49
374f
3f5c
533e
2124
563d
204b
5337
697e
5528
6169
3132
6350
3756
5e40
8e61
6856
4074
3d5e
5c50
5137
479a
6b47
5957
4638
7286
6278
5c57
2a56
603d
4e56
7d49
9685
5476
6449
5e46
715e
708d
4982
60a2
443b
6e56
6151
5353
9487
956f
3b51
5f61
5c3d
7a5a
736f
473e
394f
5253
8a78
576d
3247
8443
3e8f
3732
5e45
9387
6a70
3055
5458
5154
495e
9a76
7195
5142
3641
5c4e
aa64
4a98
5f5a
7651
8d72
917a
482a
6e66
4b46
3866
4c2a
4830
5364
6b53
4169
615c
573a
5b52
4959
7664
433d
4a63
322a
3238
7759
6c5c
5f5e
3248
412d
3f6d
362e
635c
4e5c
372f
4356
7753
2b49
5c51
5567
3030
4b46
4e4b
2a38
4a2f
5b52
6767
365c
3d3b
5b4f
1d42
181d
5225
2a50
1222
341f
362b
0929
3928
1c3e
0702
312c
192c
6b28
9b98
9987
598b
694b
3b75
6138
b8c5
9489
6b9a
633d
456f
783a
93bd
a088
69a0
663e
7a7b
9134
5ea0
9159
a499
ccba
6788
a278
c7b0
7e95
4794
4b5c
583e
1026
603d
1843
6947
677b
552b
696d
303d
6556
3558
6643
7f49
7253
3a82
5066
5c4a
5332
4f93
5d4d
5941
483a
6c7d
6f7b
5c5b
3559
5c37
5652
7f49
9c95
4f7f
6e58
6451
6163
797d
437d
729f
3e49
6151
6650
464e
9873
987e
3e50
4f65
5e46
8657
8477
475f
3e57
5451
8c87
4f65
4247
7660
4c90
3e3a
5645
8a7f
7558
326a
5854
4f57
515e
9576
7d8f
5441
414d
6858
ad8b
4d92
6d50
8159
8272
9f79
5130
7064
4e43
3560
5438
482a
4b63
634a
3869
6754
5b42
5b55
495c
7174
4835
4a5e
2a38
3a30
8251
6159
5d60
2f48
412d
3f6d
4731
6053
5060
302f
4656
7756
2a54
6044
5b65
3246
4e35
3d4a
2a2f
522f
5258
6964
3b60
3f35
5d4f
2042
181d
632a
2a50
182f
361d
3631
091c
311c
172e
0f02
3129
132c
5413
9c94
c2b0
6eaa
6b43
956e
6f27
7bae
bb94
7cab
5f44
9e89
9022
87a5
afa3
62aa
6553
a18c
8729
7377
b299
b8b3
d5c3
ad73
a6a0
e5cd
9be3
7b92
3d4c
5836
182b
7043
1d46
6060
5f7e
5626
676d
3232
635b
3258
6b48
7f5a
6f4b
4175
5e56
566c
672a
3999
5b45
5741
5b4b
667e
6473
745b
3253
5c38
494e
8141
988d
4c85
6e56
5951
5963
8580
3b75
7297
4341
665e
5948
4646
7a5a
a370
3f6b
4f5c
5c3d
885f
897a
4b57
3353
5c49
8794
4f5d
424c
5087
567f
3742
544b
8f78
7858
3362
514c
5759
5754
8d7c
8a95
5744
5159
5866
a18b
5792
7548
8959
857d
a474
5130
7061
4842
3556
5443
4e32
4e68
6348
3069
695c
603a
5e5b
4946
7174
4e38
525b
2a37
4132
7957
5e4c
5f60
2745
3837
4f62
5239
6041
4e60
3032
4352
7159
2a51
6349
5860
2a37
5340
2f42
2727
5835
525d
7267
3b65
5846
574f
1a3a
1d1d
5b31
2246
1827
332c
312d
0714
3931
172e
1907
2e29
0f24
701e
b6b6
c0c2
92a8
844d
af7d
5a21
9895
aaaf
aeaf
6f67
8f91
701f
a39c
a7b7
85ac
6a50
ab93
6723
949b
a2a6
b8b3
dec9
9f6d
8d9d
afa5
bfe5
8a92
3d4c
6033
2126
6353
183b
6968
5a89
4d23
6165
3a2a
635d
325b
5e50
7a65
5c5b
435c
465e
5e6b
642a
4c91
6a3d
4e46
664b
6086
6970
6658
3259
5c37
4b53
7e3a
8e73
5285
6c64
4b53
4b5e
8d7c
4f76
759a
4143
6159
5640
4e4f
8c83
9a68
5871
4f57
6e41
8662
8174
4336
314f
523e
878c
595d
384a
5998
546e
3c55
5845
9777
7c5b
3357
4850
5751
5657
957c
93ad
5c41
415f
7b64
a3a1
5a8c
6f50
8151
909b
9b7c
4f38
645e
5242
2a4e
5441
563a
5066
6848
3066
6462
5f35
605b
5c4e
717e
6346
4a60
2a30
3b3a
7153
6154
5f65
2a4d
473d
4c54
5737
6449
4e60
3232
4352
7956
2641
5e44
5b5f
2a3d
4b3d
3240
4b4b
5d3a
525a
6e71
365c
634f
4d55
1d3a
1a1b
4e3d
1a3d
1418
3631
2e31
1117
3331
1f2e
241f
2e3a
141c
7327
b3b6
afb7
839d
a863
b78e
5b21
ae9e
afb2
9fa3
777e
9a8f
601a
ac96
b7ba
669e
8268
bea0
622c
9d95
abac
bbb7
d5e1
9362
958f
b0a4
dde1
8595
4644
5529
191e
6056
2330
6b68
3e7e
5e1d
596d
5322
5b6b
4660
5b5e
5c68
6d58
5754
4361
5646
6149
5486
5234
5648
6341
5c7d
6f6d
6360
2e59
6043
4e53
7d41
9076
5288
7864
4b4b
475c
7d80
687c
7894
4447
6659
5643
465e
a084
7968
4555
5954
7651
8e67
8176
4136
3151
5838
8c8c
5f65
3c42
519c
5967
4055
5652
8b6a
8460
2f4a
4656
4749
5451
9876
8fa5
5c3f
4172
735e
9e9c
508c
6a48
8360
949c
9385
5949
5664
5e42
3556
4938
6044
5063
6848
2b66
6959
583a
5e5b
6141
7182
6640
5263
2a41
3b38
714f
6161
6065
2f52
513e
4c43
5c3b
6059
5e60
2f43
434e
7753
283b
6b4b
5b65
2a43
4a3b
3740
5846
6342
585a
716e
3e65
5e43
4d58
2842
201a
4646
1f37
171a
3631
2933
1919
2e29
172c
2114
2c31
1713
7825
a8b0
94b3
837f
bd94
8191
601a
89a2
a0a2
907d
d8c3
9db8
5d20
9795
a0a6
8b7e
f0d9
7bc5
552a
9c98
b4a6
d5ba
e7f1
4f7d
b95d
a2c1
cfe5
7689
4936
531e
1b2e
5b4e
2828
7168
317e
5e1e
5176
3a22
555b
3a4a
636d
4b68
8063
6d44
6661
564d
3a32
6270
3f2c
6443
5240
607a
7f68
6864
325e
6646
4e58
8041
9873
6285
8174
4f38
4757
6f80
6387
709a
413e
6956
534e
4664
998b
7076
3b45
5c52
614b
8d5a
817c
383e
3049
683e
849d
575d
4a42
50a1
6759
3755
604d
877a
8c68
334f
4c50
5961
5e60
8270
8d95
513c
4161
635e
a394
579a
5f42
895e
6588
9d9d
5b49
5d64
5b4a
4e63
5953
6043
5260
664b
3061
685b
5832
565d
5332
6c76
5e41
4e60
382d
4441
6f57
5f54
6560
3550
5640
473e
654b
6066
6863
3250
5258
6f53
303a
744b
5260
2f3d
4e3a
2f37
3d35
6b48
6063
6f6e
3e52
4e49
4d57
2a4d
2514
3a42
212f
171f
3333
3133
131d
3933
0c2c
1a0a
2d25
1712
3822
9f85
8b8c
a49b
d9a5
4894
3833
a07b
9b9e
8ea0
db99
26aa
3240
a062
9ba0
9ea6
e9bc
0eaa
3b26
7f40
a29c
b7bb
ade3
3889
bf45
acc7
9bc4
637e
492e
6029
1b29
5850
2228
7654
378a
5523
4970
3422
565b
303e
5f65
4b68
785b
773b
6956
5e5e
323a
587d
5a45
6138
4e3d
666a
966d
5c71
305f
683d
5164
893b
8d73
797a
7f8a
5943
4a64
7377
779c
789d
3a49
8d5e
5759
595e
9188
818a
414d
6761
6c57
7f5d
817f
413b
3347
5c49
8796
5654
5747
749f
5470
3a55
6c51
836c
7c77
3d4c
4c4e
516a
668d
956d
8a9b
4c36
385e
615e
a391
5189
5c40
8c5b
3f6a
a190
5949
6b63
5558
3d58
494b
4e43
5656
6640
3061
6951
5835
5660
402a
7466
5e47
4a5b
4130
413e
6d5c
5e57
6763
3252
5839
3e41
674a
6368
6063
373d
4e5d
6f59
3040
7141
5865
3241
503f
3035
4e46
6850
5860
7171
3e47
4230
575d
204a
2d17
343f
222f
1f1f
3336
3431
1117
3336
0727
190f
2d25
1212
352a
5b31
8396
896e
7098
2b5c
4841
5235
7488
6584
aa91
0058
4e28
482c
7375
b1a8
9fcd
0f58
2611
2d28
5f63
d17d
4bcb
2e5f
ca64
93bb
6774
6b55
4432
5d26
182e
534a
2626
774c
3979
6520
4476
3c22
5663
3233
5658
4b68
7d56
754c
355e
504e
5743
4f91
5a60
5e30
5238
6b6d
9671
708a
265e
6843
4e53
863b
9280
5979
747a
5647
5161
7b80
6f9d
7892
495f
8253
5651
7959
819d
818c
2b47
5751
644f
8772
8776
4944
4457
5849
8796
5359
4f3e
7495
5683
645b
7290
7340
7c7d
4b58
5053
4964
6467
b175
7698
5949
4c6f
6166
97a1
595d
5f42
8e61
3763
9e83
5b41
6364
5250
325b
4141
4a53
5058
663d
3061
6951
5330
5c60
402f
7966
664b
4e58
3237
4443
654f
6157
6565
3053
6039
3e46
5c47
6363
5d63
2f3b
4a4d
745c
414e
6c3a
535d
3740
5246
373d
4635
6c5c
5058
6969
444a
4a32
4f5d
2945
3129
2947
2727
2422
3333
262e
1814
3336
0a21
1f0f
292d
271f
401f
1534
7753
b6b2
4f64
3447
3628
4548
923d
d4c3
76ac
0014
2002
4959
9c58
e5ec
66ac
0a22
1117
2316
9531
a9ca
5f50
3440
ce63
c3b9
85c5
6b7a
472b
4639
1b36
3f50
2a18
7e5a
396b
4f13
4478
4632
4e68
3b36
565e
486b
7e5d
724c
385e
4a49
784f
6883
6065
5e36
463d
6c6d
8973
717d
2a5f
6046
565b
8638
7786
536e
7f64
4e6c
4c5c
7e7a
6799
758a
4b53
6951
5751
7164
7b9d
848a
3744
5961
693e
747e
856e
3644
4751
5a49
8ba4
5359
4c36
7c94
6c94
7b63
6ca2
723f
7f85
5660
565c
5e74
6a54
a687
5292
5c4f
517a
5b5c
9c9c
5958
514d
516b
3447
9c85
6144
6368
5252
3752
3843
4e5b
4b5b
6438
3059
645b
5b30
5b66
432a
7461
664b
5060
3232
443a
694f
5959
6560
3552
6342
4446
5c4a
636b
5e60
2f3b
524e
765c
4b5e
6836
5858
3546
524d
2f31
4837
6e58
5c5b
5a76
443f
4238
4f57
2a45
3637
2941
2232
2925
3333
1931
2413
2b2e
071c
250c
2525
2521
2e19
5559
4d31
4065
2931
400a
665f
2f60
b932
c0ec
1c58
0000
0202
471f
ab51
bdd2
195f
1207
1815
0812
100b
3629
5370
2f3e
6e2f
b49d
c1de
6d8e
3718
4d41
182e
3d53
3818
8a62
2e6b
341b
4f78
4a46
4963
4336
596b
4f70
7e6b
6d44
3d61
6446
6d44
6081
6560
5e3e
4338
666d
8171
6465
2a5f
7038
497c
7e38
7480
496e
885f
6985
545c
897a
6c94
778a
4348
6151
534b
6464
7b95
8a90
373b
5661
694b
7481
8d66
365a
445f
5c49
67a4
5351
4736
6c87
649c
7850
779d
6745
7f87
4648
565e
6677
7f49
959f
7381
5647
597f
5656
a889
4e93
493c
6f64
348f
9c85
6144
6365
5255
3852
4151
4b64
505b
6337
3d6c
6164
643d
5268
5032
745e
614b
4e63
3230
4441
6454
5952
6560
375b
6642
414e
6947
636b
5b5d
323d
5248
7461
485e
683a
6057
2f4e
5850
353d
4342
705e
685b
627f
4741
422e
5457
2a4a
4145
3f3e
223d
2522
3334
1931
2c1c
232e
0719
2710
1f25
1f1f
2724
4a1f
2751
2512
1220
1902
b35e
2658
8c77
b8b9
0b50
0014
0000
5724
7885
9594
0c52
130a
1b18
1218
1e0f
494d
4d78
9c71
7244
5873
f286
8ba3
322e
5542
1b31
3f58
3e18
8a6a
3771
3b23
4b78
4846
3a5e
3e33
5364
506b
786b
6d4c
4158
6448
6a42
6071
6a65
513e
5235
6472
896f
5f60
3847
744e
3770
7e33
7f7e
4366
7749
6651
515e
9088
6d91
727b
4349
6456
514f
646c
7d8d
8c92
4739
5667
5c4f
8079
a279
387e
445f
554b
51a7
5446
513e
5687
719e
8f7c
9087
5c71
8487
4650
4e5b
515e
6657
9b8f
9a74
5e52
556f
535e
ab98
56a7
5641
a677
37a3
9877
6849
6863
5258
465b
4151
4b69
5656
6840
496f
695b
6340
5b63
4e4e
6964
5e4b
5063
322d
4438
6554
5353
6768
3d58
6b46
3e53
6947
606e
5b5b
3d40
455b
6e5e
465c
683a
6057
3750
5848
374a
3f35
7060
5e4e
577e
4439
4a2a
5355
2947
4447
1f41
212d
2e21
3333
1431
311d
2633
0719
2919
2727
1722
2017
3631
6949
345f
1829
0202
341b
bf79
67a9
9065
446e
0063
5218
bca8
6a94
6267
3e67
151f
121b
2629
a934
709f
8773
6f57
a56b
b3c0
cb9e
86bc
3931
4b3a
1a31
3d58
4118
817a
3969
4a2a
4178
503f
335c
3b2b
4960
3d65
7670
6c54
3d53
6451
6d4c
637e
676d
5638
4b35
5e6a
9d6f
7769
5347
6e50
375e
8136
7d7a
517f
6747
5341
4c61
8d8d
7186
6c67
4449
5f51
5751
696c
8892
8793
4737
465f
644f
6d77
9b81
5387
4a5d
634a
50a9
573e
4647
6587
4894
8f60
978c
5977
848c
5b41
4d7f
4e56
5b5c
9d8f
9574
5c60
5961
605e
ac99
569f
5151
a67a
2e8e
967d
6e43
6068
5b55
405e
4959
4668
4e5c
5e40
4449
785c
5d43
6363
5663
5e64
6c4e
505e
322f
4c41
7151
4e5b
6d70
3d58
6848
4151
5c4f
566c
5e5b
464a
4d66
605b
4b5e
6435
6758
3752
5f42
4045
503b
6c60
5f49
4674
3b36
4e28
4e55
293a
3b45
1a3a
222f
4431
3639
0f29
2617
2836
0b1c
2e1e
222c
1722
9f1b
4256
8bbb
7585
3546
0b0a
9251
78b6
a17a
4571
704d
0e3c
a458
6f9f
ae7c
6b79
7453
2655
2c1a
4120
c081
b3d1
847b
4c61
907d
9395
707b
5d75
4433
4541
252e
3258
4918
7a6d
2e71
6241
4178
523f
3056
3e23
4968
3169
914d
595c
2d5e
5e51
6d3b
687a
6a6d
5638
473a
5b72
9460
7f6d
4353
6849
3d58
7d44
9072
6a8d
6449
5c49
4f64
8b77
5898
6c69
4751
5c51
614c
6264
908c
7f88
3934
3861
6f5c
7290
9679
5f9b
475d
8849
48a1
5d47
4949
7576
3a94
8745
9d8f
5f80
878d
6d46
4d7f
5358
635d
9b95
8466
5457
7277
6d54
ac9f
5699
4e51
8774
2a4b
9684
6e52
5b66
5b5d
405b
4b5b
4668
4863
6446
4444
745c
6343
6367
786e
595c
6b48
4863
3832
3841
7d54
5059
6770
3d5b
6b48
414b
514a
5370
6357
4a52
4d68
6055
5160
6035
6360
2f52
6746
3d4d
4235
6c60
6c4b
3a76
4136
4e2f
555d
3131
3e45
183a
212a
3934
3339
1326
201c
2e36
0f1c
2924
1727
171a
a499
973b
a0ac
8091
526e
1f27
7c2f
907f
b8ba
6ea5
7d4b
4b76
7a2f
8f82
b7b1
85a9
7d53
2055
341f
7a52
a882
cdad
b7da
579c
1d10
353a
3722
5d47
4a37
4742
2831
255b
5c1b
7670
3481
7233
437e
584a
2856
3a29
5764
3679
9137
4e5f
385e
5351
693b
6065
6d70
5038
433d
6383
875b
7763
4351
6049
3d53
7e4c
986a
628f
5c4e
6147
6361
867d
58a3
6c61
4a59
6459
5138
6766
9590
7f90
3934
5f61
6f67
7490
9e7b
5196
475c
904c
4294
6d4f
5651
7a89
4599
834a
9787
6482
959a
5869
6373
535d
6b69
779f
9d70
5152
6974
655c
aba7
5e97
5651
547c
333f
9974
6c53
5e64
5f56
4065
4959
4e64
4866
6450
3e47
7161
6341
5e68
7066
6666
684b
486b
3532
3841
7d5c
585b
6770
4e68
6348
4151
4b4f
4e76
6550
4552
466b
6d52
5666
6c43
5d70
2a50
6d42
344a
4232
6764
6757
4176
4739
4e35
4d57
3c21
474d
173c
1f17
3134
3333
0f21
211f
2e36
1319
282c
122f
210f
5c6c
a997
79a3
9d6b
b7d9
2540
7c2f
ae96
a6b7
89a7
886b
7296
8127
9a9b
b2aa
a2ab
967e
1d6b
3b14
5572
b77a
a3b1
e8ba
58dd
3a0d
4f61
4b4b
635f
5834
424d
252e
1d52
6d1e
7b72
3f71
7a4c
4678
5048
1b43
4342
5f6e
3986
894a
565a
5064
5653
6536
5865
7260
5043
3d3d
6586
8d66
6f60
3a59
6049
3d56
7a4a
8e6a
528d
5e49
604b
6d5c
8088
58a0
6c5f
4759
6e59
614c
6a74
8d92
7f98
393a
9859
5782
6c82
9671
4a95
5157
974f
4095
5d47
614f
7c8f
4799
8345
8194
6b79
8994
5860
635d
4860
5358
53a4
a473
554a
6166
636f
b3a1
5097
5144
5884
628c
8f71
765b
656c
6048
436d
515b
5066
4866
6659
4c47
7564
6341
6368
665e
6e70
6848
5070
3a32
4449
795c
6051
6768
4658
634a
3f4c
444f
4e70
654a
454d
4266
765e
6170
663a
676d
2f58
6742
374f
4846
6760
615c
386e
3e3c
522d
3a57
3c1d
444d
1734
2217
3e34
2e39
171c
2017
2836
1920
2428
112c
2f12
975a
b6b5
98b1
3758
fba4
1c7b
813f
958b
aabb
7f94
919c
73a0
9031
9498
b8a8
9ea1
a098
49a0
544e
7564
a293
a9aa
d1ab
65df
4113
535c
3f43
6565
553c
164d
381d
1a52
6d20
7870
3760
7855
3d5c
5b4a
2246
4944
536c
2e89
7d4b
4b5a
466c
5e49
7136
5a6d
7265
5043
3b41
638b
8c64
5960
3a59
8146
4664
6344
8662
548f
5e46
6049
584b
7f88
55a8
6e5c
4c54
6453
7157
5f5c
7a94
8298
3a46
6a5f
5472
6e81
9679
528e
5169
9d65
4299
5c49
5947
6789
3f99
8042
558e
7160
8197
635d
5a60
536d
5853
68ac
996a
5537
598b
6b66
aca7
568f
5941
6481
9495
94a0
7964
5868
5848
405e
4f69
5659
4e66
685e
474c
7465
5e43
6363
665c
7874
6648
5270
4137
4451
724f
5e53
6763
375b
6648
4f4b
444f
5b76
6345
454d
4363
7360
536c
582d
5d67
324a
674d
3d57
4a3d
6e63
655e
306e
3e3e
5b30
2d57
3119
3e44
1a24
2722
3c34
3339
1f19
1c14
2839
0f1c
2621
0f2c
4212
c095
a2c2
958a
3a97
ef76
2b80
8042
8f84
a1bb
9d93
91b3
73a0
8a36
928c
b5a6
9aa6
beaf
6bb4
845d
8c7a
a29f
b1a9
dab7
6bda
3b0b
463b
4a3d
6369
4d4c
1341
3b18
1d52
5c18
6875
3753
7055
3544
5252
303b
515c
5f64
3389
6d61
465a
3d64
5e49
5542
4f6d
6278
4e46
3641
5b8e
8d63
5d68
3259
663d
3060
6041
806a
578f
5c46
6847
5054
8585
63a8
6657
4c49
644f
674b
575c
6994
6e71
3f53
5762
5765
6979
a081
4c88
516a
a95d
3a91
6447
4e47
899a
4796
7739
7389
5e77
8b9f
6577
625b
6b6b
5263
959c
9694
4147
6790
6664
ae8b
5e89
4e47
5c79
a298
8d93
6e5f
5860
534b
4361
4c64
5b57
4e66
6660
414c
7665
5649
6366
6656
7870
664e
526d
3a3a
4756
755b
5859
6768
4060
6b46
475b
4c36
5671
6346
4655
425b
6b5e
646c
6032
5763
3252
6a4d
3d5d
4b38
6868
5a52
3a54
474f
5832
2a57
3118
3944
2827
2921
3939
3439
250f
1619
2839
130f
2626
1427
460f
d2a4
90b7
a088
68c2
ee76
57b1
9431
8a84
96ad
b398
d2d4
84a2
952f
8a93
a59c
a696
ffd8
98c1
768f
af99
a9a1
c2ca
d3b2
68ce
3e0d
404b
633d
606f
4744
1245
3f1a
2052
5c15
656d
3f58
5f60
353b
5650
2b36
6035
545c
3370
6f69
4959
355c
5e4b
5d51
4275
5c73
5051
303d
638e
8a5b
5e75
304c
5838
3558
6b4b
906d
5c8f
5e4b
674e
5c61
8d85
789d
5e5c
5144
6151
6149
5c64
5a8d
5c67
4f47
6570
5767
806c
a186
4595
4961
a545
3f95
6749
534c
90ad
588c
8341
9c8f
7687
879c
6883
6260
4b65
555d
a396
a4a5
486f
5e77
6b4c
a164
6d86
4e47
6f79
a5a3
8398
6965
6066
584e
4676
5359
5b65
4860
6063
474c
7c65
4e49
636b
6150
7670
684e
506b
3d37
4464
7261
595c
6b74
4265
6645
4a69
4b36
646e
634a
465e
4368
6c63
646c
5e43
765f
355e
6b52
3757
5038
5e65
5257
3552
324f
522f
2d58
3118
3945
141f
3117
3341
3439
270f
1e1a
1e39
1907
2931
1c1f
4312
caaf
aeba
a796
347b
f060
57ae
6f43
a09d
b1b0
a9ab
bba2
b3b3
706b
a99a
c9af
95bb
aaa5
6991
5ad0
6e49
d8b3
8ab8
ca8e
56b5
3613
4040
532d
585e
4541
1341
5020
1a42
7a23
6d62
4769
5468
3530
5650
1b38
703d
685e
3670
6a69
4061
385c
5e46
6d5c
4d81
5a73
5859
3038
5b8b
8758
5775
3e49
5835
4056
644b
9062
618d
6447
5c57
6351
8184
789d
5c57
4c3e
5951
6746
5a53
559a
5c62
4742
517a
6659
8b66
a196
548a
5779
a145
4291
6d4f
5957
98a1
5d91
8344
9e8c
8888
7f8b
538b
7880
4663
584d
a394
ac8c
4343
6671
6f4c
a896
5382
3d3e
8571
96a8
798d
6e65
6068
5b4b
4b70
5364
535c
4056
6366
4c4c
7464
4b49
606b
6950
716e
684e
506b
433a
4461
7161
5959
6574
4065
6e48
4f64
5144
606e
5d42
4263
435b
6866
5964
605b
6d5f
3a5e
6340
3b4d
5246
635f
4257
3a52
3247
5232
355d
3118
3145
1018
3722
3142
2e39
270c
2119
1739
0c07
3139
1917
2f0f
b095
ba91
5aa7
2c45
c737
1989
4b7d
8652
b1c0
6575
9b73
2061
6e88
6b52
b1a8
8187
9681
2764
5d76
2b0e
ae8f
899a
c490
3e7c
3615
403b
482d
423d
4b52
1a4f
5820
183d
821e
6562
5569
5465
352a
5252
232d
6859
605c
3b70
5c65
3569
415c
5c41
6d6d
6d89
5a73
5c53
3038
5b8b
9060
496d
3b4f
633a
4158
5e53
9058
6787
6646
6157
5e51
6a81
7398
5e53
4949
514f
7149
4a59
5e9f
6d5c
4758
4f6a
6657
847c
a789
4a77
5c5f
a14f
4587
6d47
5c54
9895
5b96
9447
9a8f
a18b
5876
5593
917b
5363
5d4d
a596
b277
373f
4363
8b4e
a599
5582
4742
7c66
565e
70b2
6e5c
5b68
5b4b
4b68
4c71
5854
484b
6e73
4151
7165
4046
5e63
6c4b
7671
6850
5670
4b43
496c
7564
5959
5d6e
4865
6e48
3e59
4c4f
5e6e
5b42
3d5d
485c
6868
4b4f
6368
6267
3756
5b37
3046
5d42
6063
3f49
3047
2e3b
5b32
2750
3a1f
2141
1218
4027
363e
293b
270f
1e21
0f31
0c07
2c2e
1f1d
2409
a976
a38c
348c
362e
b15e
128a
6736
9e61
bde4
6a91
8088
0007
822d
6671
c9c6
a6bc
6b81
1611
d790
5098
8b33
8888
6c7d
364a
3b1d
4338
5248
6548
4b59
1a45
5622
153a
8320
556a
4d60
5762
3a2d
5255
2028
5836
474b
4462
5c6f
3259
3d53
6143
706d
6097
6278
5c53
3246
5883
8e58
3e67
3b4f
6046
4058
6c6c
8872
6c7c
6657
6953
5e59
857b
708d
644f
4444
4f51
6f47
4259
8d9b
7072
4c5c
5167
5c59
8977
af83
448d
495c
9d55
4d83
694f
8054
8b92
5d8b
964c
98a0
af8c
6878
5287
7868
5c81
5b50
ab9c
ae7f
4361
4d63
9634
769d
5887
4a45
8669
3744
6dbb
7e5c
5a6e
6050
5068
4c71
685f
5652
6e73
4753
7064
4049
5e63
6443
7676
6c48
5870
4346
4b64
7a64
5b5c
636e
506d
6c4a
3e4b
4951
5b66
523d
4866
4b5e
635d
5366
6c49
6c7a
435b
5230
3546
6546
5f62
4449
324c
2a47
6040
1f4f
3a1f
173c
1212
4a2d
3e3e
263e
2c0f
1e2e
0f29
0c07
2829
1a1d
1f09
e476
9ad2
7195
a074
b5ce
1271
2400
6e3c
8d93
3c5a
073c
1400
1e11
4736
5f66
3c4d
363c
090c
a81e
dae8
b2b7
d9af
5b86
3221
361d
4938
4b35
7246
5b61
1041
5b28
153b
6d23
4d78
4d4d
5160
3a2d
4a50
2038
603d
4c46
3e5a
5a75
3b47
4158
6747
737a
6a9c
6d7b
535c
3646
5b86
8a68
495c
4157
6046
375b
7660
9683
6576
664f
6157
6651
938a
708b
6c51
414c
4f57
644e
4c53
7f93
7d7e
5252
515f
5e5f
6f64
a180
6a90
5265
a165
558c
694f
725d
7e8a
5856
7c57
8a9a
b28f
817f
5285
5a62
6063
534d
a59c
a187
4e5c
5565
8837
4fa9
5a60
403c
8874
424c
619d
7e5b
5b68
6053
536e
4b71
695b
5848
6d73
4c53
7165
4358
5b66
5e42
7174
6646
6079
4343
5371
7d64
575c
6776
4b6b
664e
515e
4b59
5e66
4840
4d6b
485e
6053
5068
6840
7d7a
4870
4037
373a
7055
6362
3641
303e
3547
5f58
2550
3a1c
1234
1314
4f3c
3e41
243a
3113
202c
0a21
0f08
292c
1111
2107
7839
e4b0
b0db
e1cf
1f6d
020d
0002
0700
0417
130a
0000
0802
040d
0000
0407
170c
2516
1110
0e02
b97a
e5d7
d6db
9291
191b
321b
4738
4b35
6b36
606a
1341
582d
1335
7226
4a78
584f
4468
301a
4848
2038
6040
5843
3764
586f
3b4e
415e
6f49
6970
7084
7a76
5751
4353
607d
7e60
4b68
3864
6451
415c
715b
9671
6a87
6c43
6157
6056
8d8d
7d86
6657
4451
4b56
6957
584e
7d98
8678
5957
595f
5967
6c71
8d82
657c
515c
a569
5295
714f
6c57
7d8a
6558
795f
84a0
b780
7578
5277
5b67
5853
4d4b
9598
a087
5e5c
5275
8833
4a97
5c52
372f
8b78
4d7b
5a98
7e60
5b6e
6051
5678
4b71
685b
6550
7372
4c58
7464
4364
606c
6042
7174
5042
5e7b
4943
4b6c
755b
4b51
6875
4866
5b50
5b69
5351
6474
4540
5273
505d
694e
596e
6856
6c80
4860
3a37
4632
7270
6365
3b3a
3344
463e
5d5f
2550
3a21
122c
1410
523c
3c49
293a
3111
2628
0a1c
0b08
2428
1414
1d0a
042e
7a40
e1cc
90d6
1857
0800
0f02
1f19
5c1e
6285
1f47
0700
0b0f
3324
671b
929d
2e6b
2619
021b
7c36
b149
c3bf
76a4
1023
351b
4740
5032
6d30
5e6d
133f
5b2d
1335
7a30
516b
5852
4468
2d13
3d4e
1f28
6046
5841
3d56
5c69
3b5c
3856
6941
6c76
6084
7260
534f
3d47
646d
7e53
4b72
3867
6451
4673
8169
8879
6f9d
6c49
6653
6360
8d88
5f76
5c57
444f
4751
6953
5a4e
809b
8181
5c59
545f
5965
7276
8b95
8b9d
574c
996b
4f93
6a44
805f
7d92
6252
855f
8ba8
a458
738a
5260
5367
505a
4d50
7f96
a85e
5485
4a60
9831
449e
6057
432f
7c5a
77a8
559a
7e64
5b6e
6451
5370
4c70
6661
6e58
7573
4453
855f
4364
5e68
6440
6c76
5840
5273
4941
4b67
7959
535c
6870
486d
5150
5368
5457
646e
4240
4d6e
4652
614b
536c
7049
6578
485b
3937
3d3a
6c6b
6065
3638
2b41
5e49
5d5d
2550
3a29
1225
1d10
473a
474f
2e3a
2e24
2028
071e
090a
2121
1417
1f0c
5128
0e51
c665
cece
73a0
0017
3b0b
1241
a948
b1aa
7daf
2c27
3d28
2f53
945b
a391
98b1
2941
2d26
3167
903d
809d
7684
133a
3b20
3b43
502a
7028
5e78
1339
5b2a
1330
5a28
5a73
5552
4c5c
3018
2849
2828
664e
633e
4b5c
526c
4353
3851
5c43
6978
6091
6f5c
4f5f
3d4b
6e6d
7b53
516d
3a5f
5147
3e64
855e
8881
6a8f
6449
6653
6453
8d8e
427e
5c56
4146
565f
6951
5a4e
86a0
8681
574a
5167
6161
6f81
9a95
9b9f
515a
a168
558e
754a
9d6f
8692
584d
8b5f
8bb0
8250
88b2
4f58
4f65
505b
525b
779e
a860
2f6a
4f52
8833
4d99
4f47
4d3c
8558
90a6
5370
816c
5b6e
6451
5170
596c
6864
7356
7375
4f5e
8762
4061
5366
683d
6c81
563d
586e
4b47
536e
8553
5f5c
6776
4a6e
4b50
5771
4f4f
6871
323d
5e58
434e
5349
4e66
7641
6775
4963
3a48
3732
675b
5b5f
3330
4b49
6061
5b57
224e
4a3c
1221
1f12
493c
4747
2439
2e2c
2628
071c
040a
2420
1414
0f0a
7963
2111
896b
9f9d
85b9
1746
2b26
3610
5d61
a092
b0ac
4447
2f4d
4418
3d4e
d7b6
be98
5c7c
262e
3928
8248
d1cb
96a7
3966
3d26
2043
4e32
7326
5879
1337
5d2d
1b35
582a
5176
5547
4a65
371b
203d
3026
605e
6943
635c
5c6f
435b
3251
6743
537a
4f78
715c
5359
4343
7672
8158
5378
3a5f
5949
3656
874e
8081
6795
5e3e
6457
6353
8088
4f8a
665e
4147
5359
6951
5551
8698
8a77
614a
526f
676f
6f85
a09a
8386
515c
a96d
5c90
6f4c
9765
8e8c
4c60
9557
88b2
7f55
7ba8
4548
586d
505a
4a4b
77ac
a46b
3a41
4758
8826
7196
5753
454b
ac6d
4fa1
464f
8771
5870
664e
5876
5b74
7064
6e56
6d65
4764
7c5c
4869
5366
6342
6c87
503a
5270
4f49
496c
825b
615c
6b76
486e
4b4b
5b74
494f
6e7c
4048
5e58
5150
5349
595e
6e41
6581
5165
3937
4048
6457
585f
3e3a
3e54
6556
5a5d
2248
4f4a
1225
1f12
4f45
3e3e
1c3c
361c
2028
071c
0c0f
2424
1217
090a
2c49
8227
8888
ba7b
b9cb
286c
0e20
463e
945d
da9b
d1c0
3d92
0e1f
3a47
9663
8996
d3aa
66d6
181d
3740
b366
a7a2
deba
5dcd
3b23
1338
503b
7828
5470
133a
6537
1549
5d30
3b70
5447
4154
3020
1930
301b
5b64
603b
5c47
6067
4356
2e56
6446
4b65
4c7e
7a5c
5357
463e
7f7d
815b
567a
3b74
5849
3056
8d5b
8079
5793
663d
665c
5b53
8088
478a
615e
4343
5351
745c
7a49
7ba1
8d7c
5f42
4f6d
686d
6787
9092
7276
4a57
a576
5593
6544
775f
868a
4d65
924f
80b7
8052
6aa2
3c4e
5a65
4853
5846
98ae
a887
4b47
4760
8523
8796
8e55
315b
b28a
2d8d
3b46
876e
5a6e
684e
5376
5f70
7869
6d58
6b6b
4961
7954
506c
5368
6048
7087
5e3a
5275
534b
536c
8264
6161
7378
536d
5356
5f74
4744
6e79
4650
584b
4b50
534c
6c64
6151
6373
4863
5943
4e5b
655f
565d
3e49
324c
684e
585b
2746
4548
181f
1c12
493e
3e41
1731
2e24
2126
081d
1310
1c1c
070f
1c21
5a09
b3a9
b7b7
6756
eebc
70b8
5e1f
758a
b5ab
7cb5
e073
beba
673a
8772
abad
58c1
de42
d8ce
6149
6a4e
aba5
a6b6
d5a4
76e2
4323
133b
5036
731b
3e5d
183f
654b
0d46
6530
4469
5c44
2b36
4931
1b2b
351d
535c
6936
584e
5865
3b4e
3256
5649
5068
6881
6d60
5c4f
4349
7983
8165
5375
335e
5338
305c
953f
7f7c
4c8c
674e
6052
6456
698e
3675
6457
4941
5159
7459
8a4f
7ca8
8f7e
6142
5267
5f61
7390
7895
6f4f
395c
a160
3f90
5f3f
775f
768a
5360
8552
72ad
8852
7ea3
3f50
625a
4560
663a
a0ad
937b
3b54
4a60
871b
949c
5f3d
214a
aa92
5262
434f
8773
606c
7050
5878
5e70
7661
6b56
6d6b
4964
825c
5268
5070
5e46
6c81
6643
5875
5346
4b6c
855e
6659
7376
606b
5153
5779
4b49
697c
4352
604f
4348
4b47
6e69
6159
606c
5260
4143
5b40
6367
5e5d
364f
3847
6855
585d
2546
4145
1a1d
1f11
413a
473e
133a
2e24
2026
0719
1111
1e1c
070f
2127
d052
bdb2
bcaf
47af
db48
a8ce
a647
c2a2
929a
afc3
ce4b
cbcb
9a5c
bbc3
a29a
9fbb
b747
d7be
6f50
afaa
a3b2
b7bc
ccaf
7ed0
4e2e
1549
4e32
761d
4060
1e37
5850
1330
6535
476b
6533
3843
444a
2920
3b1a
5363
7336
634b
585c
3548
355c
5c4b
5b5b
6389
676d
5e51
4351
6582
8e65
4875
3864
5b3b
3864
883f
7f77
528a
5f53
604a
645c
5a90
3b5c
6457
4b41
5159
6164
954f
819d
8d7e
6544
4f65
596f
7f85
73a3
6a4c
2c5a
a45b
4888
6239
7761
8585
6065
7f5a
7aa5
854d
73a3
4a4e
5858
4d60
6740
aab5
5673
405c
5865
8f1e
a0a1
4237
2b42
9682
8767
5c89
877e
5b68
7052
5370
5976
765b
6e52
6b6b
4c64
7959
5670
5076
6043
7081
684e
637b
534b
4366
7c64
6953
7678
6670
5158
5b78
4b47
717f
4350
6b4b
4b5e
493d
6764
6e51
6070
5e63
3241
6540
6365
5c5d
364b
324c
6552
525d
2a4a
413e
121a
240f
453e
493e
0f34
3327
2126
0719
191a
2013
070f
2e26
d575
baaa
b4bd
4f99
d03d
a9cb
994c
bda0
a5a2
6ea7
bc3d
c0c9
8457
baa1
afab
5e99
8c45
dda2
6158
b7b2
b6c0
abab
c7b8
76cf
4e30
103d
4b30
8126
5355
182e
5853
1525
6a3a
4769
6a26
3847
3b55
2120
3d20
4e58
7639
7348
5c57
354e
3856
5f53
5e5b
5891
7176
536c
413e
5889
7263
486d
3b66
5c38
4166
8247
8179
5481
6148
684a
5e5c
5590
4b59
5c5c
4938
5153
695f
9549
7798
9279
6444
476c
5f64
7380
83a5
5f4f
2e4a
a55b
5d86
5f41
7761
7f94
6862
7c7a
829d
7c4d
81a5
4d55
4b5a
5355
7745
a2b0
545d
4f5c
5366
932a
9a91
473b
2e4f
6966
866a
6584
827e
5860
6c53
5068
5e7c
795b
6e56
6b73
5261
7557
586c
5076
7653
6c87
684e
6375
564e
475b
7c67
665b
7578
6e70
505a
5971
4c44
7682
4b48
6e50
586d
433d
6661
6c4b
636b
5668
3a32
5846
5d63
6b5d
3649
3244
6b52
525b
274b
3c48
1817
2411
4942
4f3e
0a21
2e2c
2628
0719
191d
261c
1313
2c24
d87e
c7c1
88bf
3452
8f2c
a1bd
9940
974e
a5c0
2764
8934
c9cb
6a5c
9e36
b7b7
2660
5841
c582
5b54
b17e
bbbf
afb0
c0b5
63cd
4e2e
0a28
3d36
7e20
4642
1826
5e53
1a22
6a35
3a60
6d16
304f
3b4f
2323
4b26
4656
7339
8146
5c57
3d4e
3856
5c5c
6458
5b8c
5f89
6653
4141
4883
6276
4b57
3b64
503e
5158
8268
8a7f
5978
6e4e
715f
695c
5a91
4956
5767
5738
4b53
6964
9d57
749d
8f78
5942
416f
615e
6688
7b9d
5751
334f
9f60
538e
5f3c
7765
7c9a
6269
8565
7d9a
8b4d
6c94
4773
5562
5655
8240
95a8
5857
4350
556f
a532
92a7
4f3b
2452
8060
9067
5168
827e
5364
7853
5268
5e74
7e6c
7356
7373
4f64
795f
5e68
5276
8268
6987
684e
6073
564b
4b66
7c6c
695b
736e
7073
4b5b
5b70
4749
7974
4b50
6e56
5870
4b48
6c61
5949
6066
5e68
4132
5248
5b5d
5263
302a
2a2b
7356
5858
2743
3650
1517
2411
4942
4d3e
141f
262c
2e2d
071c
1617
2c24
2c18
2e3c
d76f
bcc4
75af
333e
6834
97b0
7b77
752f
8ccd
243c
6645
c8b8
5e56
5f26
96a6
284f
6549
a78a
4b54
852f
b3b9
b5ad
bebc
249a
4636
181f
3741
721b
464d
1a29
5651
2a37
6a2d
2e63
6d13
3b5f
384f
2b1d
512e
4250
5d2b
814b
585d
494e
3256
5353
5858
6b8c
628a
7041
3643
3c86
6f66
4953
4160
5e47
4b66
885b
8d79
6165
6950
8a6f
7474
609c
4156
5764
5136
514b
6967
ae75
719b
8776
4939
476c
5f67
6685
738d
5d54
3b54
9c6b
4da0
5c31
7f65
8b9a
5267
854a
829d
924d
4096
4d6a
535b
5e5d
8346
99ad
5851
3f58
5e66
943a
93a7
583e
2e4f
765a
ae78
4e7b
7878
6866
7656
5068
6474
7671
7353
7573
5264
7962
606c
5070
7e6c
6881
6851
667b
564b
5969
796c
7161
7363
7075
4853
5b70
444b
797c
4a53
6d5a
6075
4e46
665b
614b
606e
6e60
3241
5b43
5757
3d5f
3028
282a
7563
5858
2f43
3152
1a17
2d12
4d4a
4d42
1719
2b34
312d
1128
201c
2e31
3120
3139
b25e
7da6
5c92
2d31
af47
1770
966f
5666
a6a6
2836
9e67
596e
9a84
3687
735d
2e36
675f
7c6e
ae7d
799e
b7a4
b7b7
88a5
133c
4136
181a
2d3d
7223
3a58
1836
5050
2228
5d27
2e53
6a1e
2859
425a
181d
533b
424e
4e31
7b48
666d
4b53
3861
574a
5371
6d89
7284
6346
2b49
4792
6c69
4853
3a61
4a3d
435e
8842
857f
5170
6841
854e
747c
6098
4659
6464
4138
5e59
7161
9b67
6c9e
8a6d
4939
4c77
6766
7b80
7293
655f
3f54
a76b
64a6
572e
766c
8595
5a6a
803c
80a5
854b
7499
4a62
5b65
5655
883d
95a2
6343
4459
615e
914c
928f
5d38
425b
7f53
91ad
4e68
7673
6868
7058
516c
6079
766e
7552
7575
5264
825f
6773
5075
8168
6778
6d5b
687d
4f48
5467
7070
6e64
7560
7075
4a4e
6475
4b46
7979
4853
6b58
6576
4b50
6c64
6949
687e
505d
3032
6340
5d5d
4663
3b2a
3b3b
7e64
5b60
313a
294d
1c17
2f14
484e
4845
1717
3131
3931
1e2e
3631
2e39
2829
2934
e363
93de
8483
8358
94cc
0700
a62f
aed4
6b7d
ad65
aecb
3611
9ec2
d2d4
a59f
a081
837c
4e89
aa7f
d7ba
c1cb
71b8
6444
131b
413b
1518
3040
7830
4b53
1a2e
5356
2722
6540
2b53
6d20
3050
4153
2d22
5050
4350
563b
7e4c
6775
4b4e
3d5c
534b
5363
6878
6a73
6449
304e
4292
776e
4869
3661
6653
495e
8d5a
858a
7692
6641
714f
6c6d
5790
4b69
6e58
4349
695f
6961
8e65
989e
7d78
4239
517d
645e
7377
7292
6759
455f
a572
6cac
5445
8b74
8095
5a6d
8545
88a0
8b5d
7d97
4d5d
637a
4e4e
9043
979c
6d6d
3c6a
594e
8f4c
8f9d
6035
436f
844f
7ab3
5c47
7870
6670
6b48
536c
6078
7674
7356
7573
4a6e
7c5c
6d70
5270
8268
5774
6b5b
6378
5149
4f64
7170
5e5b
786e
707b
4b4b
6c75
4b47
7c79
4b51
6853
6073
4b4e
6c66
694f
6876
505f
3638
5b38
575d
4868
4426
5144
7669
5858
312f
1f4a
141a
351a
464b
4a48
1111
362c
3e33
313e
3b3e
2639
241e
3934
7324
c7a7
c7e5
b8ab
0c8b
0702
2007
ce75
d1ec
d8cf
0488
3c00
c8da
ad72
eef4
a7cd
3670
b370
e4de
95cb
cab9
7a94
afca
1026
4736
1820
3049
7035
5353
2826
5056
3520
6d5e
2c50
721d
2e50
494f
412a
4a50
3d50
5e44
724c
5f77
4e46
3556
5c4b
4b53
6881
657b
5e43
4153
3a8e
776b
5070
3260
6c41
6181
825a
748d
7a8e
6947
614f
725f
578d
516f
595e
6161
5c4f
6161
9054
9098
5c5d
5a37
6190
5c5f
707c
7284
655d
426a
974e
6f9f
5840
8b6f
758e
6a72
8d47
86a2
855b
7095
555b
6b72
5048
a160
7697
65a4
575e
5c4e
8c49
8fa5
6a38
5885
853f
5e9d
7a72
7870
6076
6c46
5068
6478
7678
7558
7d75
4a74
7d5b
6570
5a75
7e70
577c
6b5b
6075
4e47
5157
7970
605b
7b76
6d7d
504b
7075
4f47
7d7d
5051
6053
536b
4b4b
7169
5c51
6b6e
5d5f
323a
5d37
4f5d
4e63
3e2e
5c33
6e76
5658
402d
214d
1a1f
3222
4e56
484e
1912
312c
3333
3639
3947
162b
2416
3131
1820
180b
8a6c
274d
0000
0402
0002
722c
c598
b0e0
4569
2f00
aee3
3e34
bd7f
95d6
4566
602e
a895
e1c6
1c71
5927
a2b9
1d36
3e3d
1e18
2551
4a41
4f50
2823
4656
4310
7266
3145
7d26
304e
534f
4e3d
484e
3550
563b
7656
596a
5c3d
417e
644e
5353
608b
7281
5c46
3e49
3f8e
5f70
535e
305c
5338
8176
7475
798d
6f81
5e46
693d
7a65
5a88
4f71
5164
6549
615e
745f
9359
90a6
655d
4c47
6192
595c
7b7a
6a8a
5f5f
4a72
8f54
7988
654f
7c6d
6d9b
6d72
874c
8892
9677
7b8a
5b56
847e
7746
b5ab
608f
6d9c
525b
6660
9f4d
8ca5
6a47
597f
a53c
458f
8e73
7e70
6376
6c4a
4e68
6678
7478
7b5e
7b7b
4a69
7d5f
6b70
5873
7e70
567c
6b64
5e75
5346
5761
796c
6659
7378
6d78
5352
6975
524f
796d
4b53
5e52
526b
434b
756c
5c47
7368
5e65
2a32
6840
575f
4860
4749
692e
737c
5858
4531
2748
1422
3a20
4e5e
3835
271c
2e31
2d2e
3e2e
3141
2128
3119
2e31
2121
0919
0000
0700
000b
0200
1f02
1033
a62c
bec6
8bae
2937
3ca5
3545
a531
adb2
7ab6
233f
6c3a
5064
513a
7472
8154
1e47
3643
2610
285c
3843
4f4d
3526
4350
3d15
6d4e
394d
7d26
3b56
5c47
4b58
4e46
3059
5833
766c
5c61
533d
5687
574b
5863
6891
7581
4041
3e35
398e
6681
5858
325c
5630
6660
7c78
767f
8259
6c69
7141
806a
658d
598e
595f
4938
715f
6c69
8d51
908e
5c67
393c
5983
5957
7372
6a8c
6761
5c90
8c54
8188
7255
7d6d
829b
6a67
794c
909a
9e7b
6e7c
604e
b39f
4e4e
b793
7f8c
7098
4466
6656
a247
8ba4
5947
5177
bf40
4987
7060
7d70
667b
6c46
526e
687c
787e
7e5e
7b7b
4a64
795c
6d74
5867
7e74
5378
7864
5a7d
6f53
5965
716c
6e64
7575
6d75
5356
6875
4f4f
7d5f
4e57
5e52
5a68
4356
676f
5c47
7068
586b
2e30
604e
5d5d
2d58
4c3e
743b
7379
5260
452d
214a
141f
3f27
4e5e
2e22
2722
2831
282d
3628
2636
3628
3120
3c36
1c21
2828
493b
4457
1a2e
0000
2e0f
1813
6348
9c94
898f
305d
4244
2825
4e4e
c77e
9ea5
3180
4827
311c
7254
a284
586a
449d
353d
2e12
354b
3646
534b
4626
3856
4938
7240
3f5d
7826
4461
574d
4e50
6046
2e66
5e4c
726c
695c
4e46
666c
5368
4871
6589
7681
2f30
383a
4197
6978
6363
4764
5338
5e5c
815f
8684
6951
798a
6643
8567
7593
5993
6f57
494a
6969
6669
954a
877d
546a
4231
4f6d
755c
7e8b
7081
5d61
606f
835c
8a86
684d
8670
8e74
6562
714c
8e92
946b
687d
664e
a38e
3b67
9761
9fa2
658b
3b57
6458
a247
81a9
5f5f
626f
bd48
418c
806e
8175
687e
6c48
5870
707e
767e
7d5e
7875
4c67
745c
6570
5066
7e6e
507c
936d
748b
7b8e
645b
6c7c
6864
7570
7578
5358
6678
4947
8052
505b
6756
5e6e
4650
5f69
5747
6b69
5e5f
2d32
5d52
675f
2242
4c2b
8261
6e7c
5270
4228
2748
1818
3a27
515e
303a
2f2d
2036
2429
2119
2636
2129
2418
3431
2419
463e
615e
897c
6792
1418
0420
6136
4547
db64
a0d5
3469
1539
3b31
4a20
c77b
c3dc
4be5
2f21
4433
6660
8469
3767
8382
3030
3d18
283b
305e
5b48
4326
5563
6450
7856
415b
6923
446a
5c57
5151
524b
2d56
584c
6a63
7762
5c4e
7b8d
526b
4273
6978
7081
2e29
3641
5c92
647e
635b
4366
4e32
5159
8a5f
868a
575f
6f59
6947
7462
7985
4797
7458
5b62
646c
6c5c
9d4c
8a98
5262
493b
4f6f
7a59
94a0
8686
5f7a
785f
7b95
8a80
604d
8567
9066
5066
7c48
948f
a46f
6871
604e
727e
5d5f
9962
a2af
688e
3b72
7656
9d49
91a9
7252
707a
b14f
739b
946e
8678
7678
6850
5870
707e
707e
7d5e
7875
4f64
745c
6d70
4a6e
786b
5076
937b
747f
5a80
5c5b
6c71
6c68
7573
6d7a
5356
6c73
5c4f
7767
535b
655a
5875
4348
5a64
5a4a
6b65
5b65
3932
5d58
5f5d
3a63
4728
7954
7074
526b
4827
2245
181a
4625
4b68
3333
2f2d
283a
1e28
2116
2029
0e21
2819
212c
1913
391c
5b66
704b
a6af
4b43
4b8a
2d74
ab4f
4f84
d875
8ea6
4d42
1653
ac55
48ac
b444
7bf1
2d11
2d2d
5e78
794c
1d62
935a
2b30
3f1a
1e3d
3856
5e4f
3b3e
4858
534b
8666
4546
5128
366a
5c4b
4e49
4e4b
306e
5b5a
6a60
6f7a
464b
647e
5a50
5b64
6078
6581
283b
4c43
5892
6879
665b
3e69
6151
6966
9268
7e95
4959
5f41
6443
6c52
7885
549a
5c5e
5b49
5c64
7471
964c
8194
5267
4437
5777
7d57
9c98
778e
5f86
6075
8490
9a8b
624d
955f
8e60
4777
7446
8386
b387
6e7f
794e
7a7f
573f
ac65
a5ad
7086
3f92
6541
9557
a48b
7458
6b88
ad65
9da3
8e69
857d
767b
6c4b
586e
6878
797e
7d5e
7d7b
4f64
795c
7d70
5273
7e76
5869
7a7d
5772
687a
545b
6c6c
6e66
736e
6d75
5050
6c70
5957
6962
5853
6058
5b75
474b
5c66
5147
6b6c
5865
4e2f
6360
5555
7670
3e4f
794f
7676
566d
5835
1a3d
181a
5227
496e
4c3e
3a2a
2e36
262c
1916
1e21
0e21
3621
2134
0e13
3109
5674
603a
787d
3e57
a097
5950
bca4
6bb7
ce2f
cfb6
7347
6a40
adb4
88af
9047
6de3
2616
2d16
7a7b
cb94
5ea6
8b4c
2827
431a
183e
3043
4253
3f3b
2758
3f22
7e5c
4148
5626
3b6d
583d
4843
5253
5e7e
5871
7a6f
777e
4356
3764
5f4a
6356
5376
557e
414a
3e2a
5492
6c70
605e
496e
7461
5360
9a77
7a98
694e
5c57
643e
644a
797c
4994
5660
4138
6157
746c
9854
8a91
596f
3b31
4f7f
894f
9ca1
678e
5265
4a67
7f4c
a085
6253
8f5f
816e
4d77
7440
7e67
9690
6e82
5c49
8877
4747
ad5d
a096
688b
366b
6243
a064
8e68
726d
607a
a16d
a195
8061
8478
6078
6443
5663
7078
7679
7556
7d78
4f68
8165
847d
526b
7876
6069
8583
5075
7878
6967
716f
7368
7075
6d75
5252
6475
5252
625c
5653
6d58
6478
4650
5957
4147
706c
5067
5b2f
5d65
5d5d
3d48
4c3a
8261
767c
5270
5b37
1a35
181d
4e2f
5368
333b
4241
3637
2926
1119
2024
131e
3424
213a
1913
4c21
6993
dfa6
85d7
3e52
9d81
a695
a2b5
a6b7
9550
c4a8
664c
a392
95af
acaa
536d
99c0
741b
527d
bd98
dacd
d4e3
9386
2b60
491d
2b35
2756
3a42
3f36
2756
481f
6a4b
454d
5826
476f
5841
3b3e
635c
6181
585a
7269
7f7d
4961
5374
6d4a
605b
5060
5a7b
3a41
3326
648e
6878
605d
495c
583e
4661
926d
7e92
6556
5751
6446
694c
766e
4197
5e60
4c38
5764
6953
9e5c
8a78
5a7d
5c3f
577d
8951
8b98
6993
5a5f
4269
7847
9275
6553
8567
836e
4d6f
694c
944c
647f
6071
5449
7272
4f4d
a957
a28e
678e
376b
6340
aa6c
9e65
7562
5772
776d
ae84
7251
817b
606e
6446
5a68
6874
7676
6e4e
7b75
5170
816c
7b84
5070
7468
6876
8e7b
637d
5e63
5c65
7474
8969
7384
707b
5052
6875
5951
5a4f
5353
7563
667b
4b50
5753
4141
6d64
4e6b
6b37
5d65
5b5b
223c
5c22
796d
7979
4a60
6348
2237
1a20
4835
4f6e
3339
4848
363c
3120
161e
262c
2028
2e28
1e39
2c21
6c33
76b0
9992
bfd0
9068
a4ba
b798
a2be
96af
5a4f
c197
6b43
a19b
9ab3
aab3
477b
aab9
de81
727e
d89b
d0bf
b0e0
71a2
3266
4b20
3b2a
2566
5542
4536
2250
581a
6d68
4150
5636
3162
5e40
3b3b
5258
776e
5859
7277
7f76
6449
538f
774b
6b69
5562
5a8a
3344
3626
5084
6486
5855
3861
5e38
5c81
795a
7d87
475f
5449
6c4e
6a52
6d74
4497
615e
643b
698f
6461
a55c
8589
827a
5152
5177
885f
8989
758e
545d
3b69
7849
8c6c
654b
7469
8e8f
4f6b
6560
8e4e
6f77
7379
5c4e
6d74
4241
a159
a59e
6782
3e62
6042
a848
9f75
6762
5775
8283
ad91
6750
7b78
6070
684b
5870
586c
7876
6e4b
7876
5374
7871
7673
5068
7e6e
6874
887b
667d
565a
5c5f
7979
815b
7381
6d7a
5250
7078
5956
5957
534e
7d75
687b
4e4e
494f
4a47
7366
4d6b
6542
5d62
6055
2540
692e
6364
7674
435b
524a
2227
201d
583b
3e6c
2e3e
4749
2f3a
3a19
241d
2629
2129
2926
4531
465c
be6c
acea
768a
8f69
b4a3
8ce0
b7a2
b3c8
8b9d
6849
b8a9
5088
a391
beba
a7ba
4f73
87bb
d6ca
f1db
f9fb
d3e7
b8c2
4980
2530
4b2a
4b2a
1a69
454b
482e
2250
551d
605c
374b
574f
4254
5d4a
3b3b
4658
6f37
6065
7878
777a
614f
356e
5f50
6160
6061
548a
4b49
312a
488a
6478
5050
3b6c
493e
6479
8f60
5f7a
4151
5c49
694e
7c52
7f80
4494
5c56
793a
7f88
5369
a465
9880
7077
3f41
577a
5f5c
8780
757e
4761
4271
7849
8a72
5a4b
6c6d
9682
486d
815e
8874
8872
7077
5c4c
6156
3b43
a75f
a990
6280
335b
5540
a251
a57d
615d
6077
8998
a4a5
6a4f
7878
6070
684b
5370
6e68
7876
6e4b
757b
6070
7869
7e76
5064
8770
686c
8380
5678
5356
615c
8578
7864
727d
707a
5050
7570
5956
5957
565b
7d70
6b75
5050
4f4f
5152
705e
526b
6050
6d65
635d
263a
7630
5b64
5d6b
3b5f
503c
1a1d
1a1c
5c35
445e
3b47
3e59
293e
3a17
291a
292c
212e
2028
5c2c
efd4
fefd
f6fa
dfe8
a4b8
81b4
a799
b0c5
a7ad
a29c
9861
3ace
c09e
b2c5
b5b4
aaad
786a
40c1
ee98
cfd6
dfe2
e9dd
b4cc
8877
203e
502d
4427
206f
4d4a
463f
2250
5325
4f49
3a47
615a
614a
526c
4335
4951
463d
534f
7b72
5f7a
716c
3b51
6256
4e60
6558
4c81
6049
2932
5885
666d
4b50
3a5e
4a3b
5e60
9252
4372
3d4f
564f
6449
7f4a
847d
42a4
5c5c
6f38
7482
517f
a455
8772
6d6a
413a
5772
575e
7c7e
5c76
5779
5264
715c
8c80
5252
8465
8e76
4d84
9050
9088
8865
6d71
7650
664e
3347
a746
a182
5e81
335a
6040
9a5f
a57b
5f61
657c
8fa5
ac9d
7552
7b78
606e
604e
506e
7e68
7478
6e50
757b
5b6c
7e66
7e74
4a60
8170
6064
8b86
5375
5b56
5b69
8174
7858
7d89
6d7d
504e
7370
5356
6151
5359
7b68
6875
5156
4f4f
494f
7053
5267
5d52
6d63
525d
3d2d
6f3a
606b
5860
3f5d
5245
1a1a
1a1c
533a
545e
4c4c
3a6c
2947
351a
2917
292c
282e
2921
2634
fa96
f5f6
deea
f1ef
b6ba
35a6
dc4d
e0e9
bfc7
9ebd
e5a6
279c
d03d
eef2
cade
a0c4
b68b
28a2
8a1d
e19c
f0f8
cfda
96ba
9853
1d43
432d
4f2f
266d
3f26
455a
204a
552d
544e
3f4b
615f
5a45
5870
3d2d
4643
594e
5054
8362
5f6d
4e64
3856
6f68
4150
6d57
477e
5949
3732
6095
6468
504a
3363
5330
6658
7c5d
417a
3a4f
6156
6946
6e3e
738d
4c93
535e
4930
6585
5e7d
a05c
6674
586a
6841
477f
5f64
7988
6471
5f86
5761
7f6c
8a9e
5a4d
7c6a
8e81
53a0
9565
917b
966f
6e77
7176
6450
3347
af46
947d
607c
3255
603d
9b73
9f8c
625e
7375
96a0
a297
5752
7e76
5e70
5b4e
5368
826c
6c79
6b4b
787b
616c
7869
817c
4b5b
7870
7863
8b8b
4e70
5952
5b69
7971
7e58
7b81
6d75
5650
7876
5950
6167
5656
7b68
6375
4e52
5757
4f57
7053
5567
655f
5d57
5665
4343
7143
5c6b
6058
3263
564a
221f
2022
5343
5761
4a49
3a69
2f3e
3117
2c14
272c
2629
3121
2431
8735
e7d0
f8ef
e6fa
d2c4
3984
6b0e
e9e5
fbfb
cad2
eecf
5297
6e2e
d1cf
f8f1
a1d0
e8c2
5fa3
5b30
a2a6
cac1
b7ad
e9ca
757c
253e
432d
6953
2b60
2e1b
4857
1b4b
5535
5448
423d
655c
424b
6c6c
3230
3d41
5630
4f4f
8352
5f5c
3d53
3d5c
6763
3e58
7256
386a
5c52
372e
5892
6481
4852
4363
5630
6e66
6e7b
467a
3a4f
594e
6446
7639
788a
5691
5159
3833
535f
6171
9860
8672
4c88
6037
478b
7161
8294
6476
4c61
5767
8760
85a1
574d
7665
617f
5685
905d
806a
9080
6b74
6f79
5c54
5151
a23f
9c86
6082
3555
6b54
9989
9798
6254
777c
6f8c
a690
504a
7e76
5a70
644b
5370
8268
717e
664e
7b7d
6469
7e81
767e
4e5a
686e
7063
9180
4b70
5652
5b69
746c
785b
7b7d
6d7d
5350
7375
5b56
535f
5148
7d68
6375
4e4e
5f65
5457
6b56
5b67
6565
5d63
636d
3a46
6e38
5b64
6858
2a6b
5250
2822
2022
5248
5967
474f
3e61
2d3e
3117
2f19
312e
282e
2124
242c
2627
5e3e
d5a4
acc7
afa2
90c5
be9f
97a9
ebca
8ebe
a97c
b8a4
b6c6
a193
f0d1
7db9
af9d
bd80
b3d5
ac9f
e8d2
98af
b4ab
5269
2a36
482a
5c3d
2e60
331d
4557
1843
4d32
573d
452a
6a6d
3c4b
7177
2a35
3830
532a
4f47
7a5c
5e4b
3d57
5064
5f58
4158
7051
3561
634b
4130
547c
647e
4356
4456
6333
4952
7c8c
4e7a
325f
5751
5c46
7944
6081
566a
5168
6747
477e
5e64
9e60
866d
477f
4432
5172
7f61
8f8b
5f71
4c5f
5f67
9169
8299
5453
6c5f
6f78
6392
854a
7b73
947d
7b5e
6060
5651
544e
a259
9c90
6885
3e63
6b46
8e81
919e
5c5b
7b74
507b
a388
5d4b
7e78
5b76
6c4e
5074
8160
707e
664b
7579
6c69
7681
707e
5366
7670
7066
8e86
5075
5853
5b69
7c66
7053
7884
707b
5852
7873
5956
5e4e
584e
7b63
7075
5668
615f
4a4a
6b59
5f67
635f
5765
4063
2a25
6e37
6660
7573
3563
4e58
2a25
2d22
4b4e
5959
4959
425e
253c
311d
341d
3731
2431
2824
191c
4f24
a487
ebcf
c5dd
96a2
cdad
bbe3
d4bd
e8dc
b9ec
99a7
cd9d
cbde
dede
f8e6
c5ea
a5b3
9f9a
e7c7
e8ea
f7f7
dfe4
afcf
6777
2736
4932
5725
2660
3323
4557
183d
5035
5249
582e
4a71
4f42
5c79
2230
2d26
562a
4c47
7562
5e43
506c
4666
625b
3e58
7051
325a
504e
4230
5674
5e76
4b60
4153
5830
3e46
8584
537d
324f
5c49
5c46
7657
679c
4e5c
4969
5a33
4b7f
5f6c
a44c
8180
4488
4732
4768
6769
9583
6476
4c5f
676f
8c6c
7c99
6255
755a
7a7b
718d
8147
8b89
9c7a
8a4d
5686
5e4e
4149
994e
9f89
6077
4363
6946
968c
91a9
6769
6f6f
6462
a288
654b
847b
5b73
684b
5674
7c58
6881
664a
7579
7066
7876
7681
5358
877c
705b
8684
5375
5959
5e68
8766
7b58
7386
707a
5e53
7576
5e51
5951
5653
7860
756d
5a73
6766
4f51
6857
656b
635f
505f
305c
222a
763d
786e
7479
3a5c
415b
2825
3522
5050
6143
5361
4863
1d3a
3d1d
371f
3532
162c
3a26
1f1c
571e
fdf5
f3f6
fbfb
c5eb
b1a3
9c7b
d6fa
f4ea
fbfa
cae9
97ad
b664
d4e1
faf7
effa
b5be
5aa2
a14c
e6ac
f0f9
dfec
d6e5
688e
1236
4336
5c18
235b
311b
4d59
183b
4e3d
453d
5d32
3e61
5241
5379
2233
3741
5932
384f
7269
605f
5853
3d66
5c58
385b
684f
3257
4b50
452b
4869
5679
4e64
4153
5630
4138
7f92
5b6f
2a49
564f
6146
795c
6f92
465c
5959
3838
5f67
5f8d
963f
7989
4d83
4534
4f77
6766
9798
6979
5f67
8886
986c
7890
6d3c
7d72
5375
6479
7750
a597
9e83
945e
5089
605b
434c
8c46
9f77
5b7b
485b
6565
8f9a
8ea6
6658
6773
9d6a
9599
5b53
877b
5b76
644e
5073
795b
6c85
6843
787b
7666
7878
7487
5256
7c74
6c5b
8380
5878
605b
5e66
8269
7058
7a84
7075
5656
7875
5f53
5157
5651
7560
726b
5b78
7c70
4c57
5e53
6b68
6863
5057
3d5e
2738
743d
767b
7676
3556
4660
2322
3722
5b58
673d
5669
4a5e
1535
3d25
3d1d
3137
2621
3c34
1a24
3119
eab7
f1e7
f3f8
cee8
aeb1
2f2c
a086
f0d5
f2ec
e3d4
85ce
603d
aa9f
e8ca
cae2
d8cf
58a7
332d
af75
e5e3
d5d0
d9cc
62bf
1832
433b
651d
2360
3710
5567
1a40
4646
4732
653a
3367
553a
4779
2822
375e
5c2f
3858
7267
6669
5346
4673
595e
3d5a
6d51
2f57
5856
5d28
3d6c
5c68
435c
575c
563b
3b35
748b
5777
3059
5157
614e
6c4f
6c7b
4b5e
5459
4944
5964
576d
9047
818b
4172
3c37
5972
6f67
7b93
6481
6c64
987a
9771
7e8b
5843
5d72
5e80
5d7f
8b5b
a787
987a
9b63
6691
5865
4c3b
8946
997f
6877
406b
6d46
919d
88a3
5669
776b
a49f
8fb2
604d
877e
5678
684a
586c
785e
6c81
6646
7b7b
7660
7e68
7682
5356
6c6c
6c63
8381
5b78
615b
5966
8771
6e56
7a7d
7575
525a
786e
5b53
565f
564f
755a
6d75
5a6d
8274
4f65
5b52
706e
6b67
5252
325c
2f32
7b51
787b
7671
3550
375d
2628
351c
5b58
6532
566e
5861
132f
3732
431d
3535
211c
3431
1a25
2d17
b16e
d4cf
dae1
abb9
ce9f
2b63
7465
9c88
b9bc
c8a6
abe9
ab8e
79a1
bb72
a1ca
a99e
76ab
836d
5973
ad9e
b3ae
d5a0
4fb9
2238
3b36
7222
2358
4713
556c
183b
4646
3f30
6d37
366f
473d
5379
3228
3566
5946
385a
7262
5e65
434e
4870
6566
416b
6d5b
2f59
5c50
6330
4261
6468
435e
4759
5130
4c32
6c85
4f77
4347
4e5c
6158
7470
6776
495e
3b4f
513b
536c
5964
793e
7f96
4782
3b45
5c62
6d7d
7388
5f87
6461
887a
8960
6b93
5262
556a
7775
5e84
9466
a17f
8f7a
985e
6d6d
5e6b
5c48
814e
a598
636f
5078
6335
9c97
74b0
5c61
7f73
af9d
87af
6e42
8774
5b78
634e
9d99
7458
697c
664a
7b7b
6e5e
8761
717e
5656
706b
7064
8381
5b76
6156
567c
8971
7060
7a7b
7875
565b
7b73
5756
5b5f
534e
7b60
757b
585f
7f70
526a
5f5a
7376
636b
5b5b
2a48
3730
7e6e
7b6c
7671
4650
2558
2625
351c
4a55
5928
6674
6369
122d
3d3a
4625
2f2d
2c14
2e3a
2227
2517
9835
afc1
b7b9
4ea6
c664
66a1
887d
caab
bee8
a793
61b6
6d6d
c690
ebd1
cae6
bab1
6282
877e
1b3e
8445
9aa6
d7ae
3396
2836
3043
6d20
234b
4f13
5869
203d
4656
4130
6d3a
386f
453d
4f79
4032
4666
534e
474f
6867
505f
463a
4b5e
626b
466b
6867
3257
5348
4d2e
3d59
6470
435e
3658
4b28
5141
7f8a
4f77
323e
4e61
645c
778f
6776
4b64
4247
4c3b
546c
575f
6d41
8196
5171
3e54
5f5a
6d71
8990
6479
6769
6767
996b
6593
7a60
7a5a
5d72
637b
9960
a57a
7c7c
955e
6041
6165
6f58
7b60
b595
5b72
5e70
6359
8e9f
779d
615b
6477
b37f
87aa
6b39
8478
5b74
684e
5b99
7453
6481
6848
7879
6e66
875e
6682
5656
6c68
786b
7d7d
5978
6056
5b7c
8a74
7660
7a7b
7d7a
565e
7d76
5b53
595f
584e
7b60
7d7a
6063
7f70
576f
5f52
7373
6b6b
6055
2a3d
3532
7656
7366
6956
585e
1f4a
2226
4625
3d58
5420
5c6c
646e
1a2d
3c3a
5e2d
1f2f
3a1a
2739
2521
1917
7826
9eab
b7be
2465
8d46
3fd5
7b17
b6ae
d5d5
d4d2
35a0
1527
9838
bbbb
dfc5
caea
275a
851f
81b1
4241
9fa5
929d
3b4f
282a
2e3e
6822
234b
4713
4864
283d
4656
5849
6a37
336f
5441
3d75
4030
4364
564a
4742
5d67
4357
4935
405b
6563
4160
6861
4067
5348
6b3e
4072
6e58
3b5e
3858
5138
4f3a
717f
4e7f
4149
4b61
5c58
8087
646d
4e64
4c4f
443b
535c
4f5f
753d
8790
4b75
4a54
4f5a
656f
898b
6477
5961
595f
a469
7b9b
6d4d
8770
587a
6070
9956
9d77
5e77
925e
8043
706b
535b
625b
b09d
5b6a
5378
9364
647f
6f83
5b69
6c73
a68a
87b2
5342
877e
5876
6c56
5070
7458
6c7e
6853
787b
7464
7864
6e85
5656
736c
7473
7a75
5b73
5b56
5b7c
8a68
7661
7576
7d75
565d
7b78
5956
5b5b
5e4f
7d5e
7575
6370
8276
546d
674a
6773
6b70
6055
3043
3032
7c56
746c
6156
5c5e
2240
2223
4a2d
2d58
5c22
5964
5979
1c1a
3538
4e38
141f
421f
1d34
1f1f
1f17
8726
7f9f
9bb4
2a2b
ce65
0296
1a04
9372
939e
a3a1
1656
0713
3602
908d
9186
788d
0a22
6000
f3ea
9ed8
a1bf
406d
4751
2a20
233e
6228
264b
3b13
4674
2a20
4b50
5252
7247
336f
5c3f
3275
3520
4363
514e
4947
5869
4155
4e37
3d4e
655b
3762
655f
4b64
4e49
7848
478c
6e33
3b64
3a56
5843
4f3e
6d71
4b7c
614b
4964
574e
8081
5c86
5160
4957
4141
5c57
4364
7632
7b90
5169
4944
445f
656f
7885
5479
515c
4c51
9466
769f
524d
9470
5275
6378
944e
8172
7172
7d66
8e41
6884
5362
5d63
9f98
4854
5687
a333
4c7b
829c
636b
7473
9890
8fad
5545
917e
5876
6856
5378
7960
7479
6450
7d76
7c5e
786e
7c8a
5859
7670
746c
7a78
5673
6453
5b85
8264
7658
7d7b
7d7b
565d
7f78
5356
645f
565b
7e5b
7373
636b
8778
5974
6952
5f75
6b70
5852
3846
3232
7c5c
746c
666e
4e41
2035
2028
602f
2050
5932
6761
5682
1a20
3538
433b
1c1c
4722
1f3a
2131
2212
9f16
d2f7
82b6
c86a
b6e9
0a1b
020a
251c
1c20
2228
0204
020a
0000
140c
1717
0a14
0200
0002
9c45
e4c8
d4e6
5696
5753
2620
1838
5528
5550
4113
5976
2818
6652
4133
7754
3671
5c3f
2e77
5e4b
4663
5453
514f
5d69
4858
4e46
4848
6156
3d6f
656c
4e53
5651
7048
458c
4e32
4064
415c
5c3d
4c36
656b
5179
6046
4b64
5f4b
6c8a
6181
565c
3e5c
423b
6859
4169
7244
8490
4f71
4733
4469
6f6d
788d
4a85
515f
4a51
9e60
6a9d
5760
9f62
4f6f
6872
8953
5d80
7f5a
798a
7543
5d62
5368
8b90
6f8f
483e
587e
8733
769c
939d
6163
6a64
868d
aaab
4d55
877e
606e
685e
5676
7864
7c79
684b
7676
8560
7c68
748a
5656
736e
786c
7d78
5373
6653
5385
816c
8160
7d7e
7b7b
565e
7b6c
5161
6f5b
5667
755a
7b73
6070
8576
5774
674c
6778
7072
555b
3737
3532
775c
746c
6c6c
5b41
2630
2523
5643
2a52
3a22
745c
496f
1d20
2a38
3535
1c1a
4727
1f3e
253c
2510
3e1c
9d77
d7e5
dacd
329f
1204
0005
110a
1f27
362c
0c3d
0504
0700
2f1b
6140
4166
002f
0300
3d00
91af
cfbf
68b9
5c51
2519
1838
4f2e
4f4b
4c13
5666
2030
5048
4130
7d54
3e71
544a
365f
7e47
4a6b
5158
4647
6065
4e58
4e53
4643
694e
4a69
6f6f
5346
664e
6d41
4f8f
4630
3b5b
3864
6438
4c35
6981
597a
5c30
4161
5953
8081
767e
536c
475f
3e33
6059
595c
837d
819b
5171
5244
4467
6767
8395
4f7f
5252
4f4f
9671
6895
5d57
9962
687d
5d62
8156
4e82
924f
9579
706f
5360
6d68
a1a0
6f9f
4b3b
5473
573b
4768
9387
5e68
6c5e
7595
ada3
5263
787e
5868
705a
6081
7864
7479
684e
757b
7964
7961
7685
5e4e
7074
786e
8070
5670
6656
597f
856c
8168
787e
787b
565e
7368
5361
8064
5b74
6d58
7d7d
5867
8574
5c79
6452
707b
7370
4d65
3a3a
3830
6e60
6e64
676e
563a
2a2f
2223
5546
1f4a
331b
8265
4969
2220
2a49
3535
1a1a
4724
133a
2742
1f0f
2627
4815
b66f
d8e0
4084
0f2a
1e09
543a
855e
a0b1
4f68
000f
570b
5a7c
c86e
9dcf
3583
0002
712c
768c
8fa3
3a54
4c51
2019
1836
4f30
524e
3b1b
465c
2836
4053
4415
754a
3371
574f
3859
6330
3d66
4f5b
5947
5365
596a
4e56
4040
6956
4852
675f
4e3d
564b
703d
4c8a
532b
4353
3a6b
6030
4741
8681
698e
5e2f
435e
576e
9071
6679
3d6c
596c
413b
645e
835e
898c
8185
656d
5261
4161
675f
817a
4c6b
5254
6f57
8971
6893
4f47
8c68
6d6f
5360
8055
5482
a54f
8c6e
6580
5358
656a
978d
96a2
4543
5379
6d37
6b81
8b79
6468
615b
98a5
a5a8
525e
7e7e
536e
7052
5881
7c64
7479
5e4e
707e
5b58
7460
7c78
6849
737c
7873
7d70
5670
6456
5979
8a66
8170
7381
7d7b
5663
7064
5b5e
8864
5774
6d58
7584
605d
7c78
5f79
6654
727b
7b78
5065
3232
4130
6c64
765e
6178
5849
2a22
1c30
5d3d
1a42
3622
7f67
4e71
2020
2249
353d
1a1a
4525
1336
2f47
2a1f
2627
2f5f
7f09
c7d1
8bab
125d
4810
d08a
909b
bec5
97bb
0b3f
6639
a4c6
db6c
b8dd
78ba
1b21
a060
5bb3
e4b6
6390
5451
2a1b
1332
4f30
584d
3021
3851
2818
4352
5a2b
6d60
296c
5441
3064
5228
4b7d
4c5b
6645
5369
6476
3d5e
3a35
7753
4367
445c
4b4e
5346
6037
3f7e
603b
6153
4368
592a
443a
7987
7197
4e35
465c
6951
6779
6171
3b60
4967
4442
5e5e
6d6c
a18c
8c81
597c
5459
3e57
6d5f
896a
4771
4f54
7259
9066
6a93
544f
9d6d
8065
4870
754b
5e88
8d4b
8f8a
6380
4e53
5863
927d
b292
4652
5c7f
8936
8489
7d93
6163
6a63
9898
a8a6
4562
817e
5870
6b52
5378
8271
747c
6652
7381
5953
7964
7079
6c48
707f
7874
7873
5e78
5e56
5674
8a6c
8269
7081
807d
5a63
7366
5b61
885b
566f
7056
7084
675d
7b7d
5f79
644f
7375
727b
526b
3a35
4632
7068
7c63
6179
5658
2622
2735
5846
2237
3328
7d67
516f
222a
2249
3046
1a1a
3e2a
1c36
3145
2f25
4f1f
073b
674c
dba5
cec0
2193
2920
b670
5546
f0da
d2c8
3569
8751
56b4
b73e
b3e5
aabe
5752
8f66
2f4f
b491
dbb2
68b5
351b
1530
4d38
4a4b
2d23
4850
3538
4e50
624f
726a
236d
594a
3067
5e35
736e
3b66
6d47
4d62
7678
356b
3d42
7756
537f
3e82
4a52
5652
6049
3f84
714c
5c53
4364
5925
4241
7b92
71a0
4b30
465c
6943
507b
606d
4661
305c
4441
5364
6d74
9a81
8185
5f77
6965
3857
5e5d
966d
4f79
4f57
5d57
8b69
6a8e
594f
9f6f
635f
4d72
7553
5d86
8242
7f98
636f
5563
5455
9a83
a28a
545a
6f7f
9542
749a
7f9d
5868
7169
955e
9fa0
3c6e
7c78
5670
6c53
5674
7974
6c79
6658
737e
5b53
7967
7479
7452
7881
8170
817e
6882
6456
567c
8570
8759
7581
7d7d
5b60
7b6e
5159
8564
5e74
7056
737d
6870
7b78
657e
6452
7875
6b73
5375
3a35
4e32
7073
7458
536c
525e
2826
2f32
4e4b
1b32
3320
7969
6169
2232
2249
3038
1a1a
412d
1934
2f47
2927
1e26
7118
6b61
ba72
d4f1
7bc5
103e
3772
a144
beb9
d9aa
8aac
6f2c
6a38
a18d
6c72
bed5
53ba
2a4f
651f
9baa
d1a0
72e5
3223
1838
5340
474b
2d22
3852
4638
4b4a
5c4a
6162
3377
654f
3071
5c2d
5658
3b64
6d52
4f5f
6c78
4352
3d5e
775b
5e71
4196
4b4e
6873
635a
4d81
664f
5161
4353
6135
414b
7992
7298
492e
4664
6549
5b71
596a
4b60
3869
3b30
5167
5a5e
867b
8e95
677d
6244
3a6f
585f
966d
626f
4a4f
5754
906b
6a8b
5747
9178
5560
5570
7b55
5d8b
8247
558f
6343
5b68
5358
9a79
a092
5451
597f
9542
6ea5
8293
6173
7164
934a
a5b8
4d6e
7e78
738d
704b
5373
7b68
7178
6053
707b
5b53
6c53
7482
7453
7081
7c70
897e
6c7c
6653
5b7f
8a6c
7c69
7d70
817d
5a63
7b6b
515b
825c
5e82
6d5a
7075
6d7b
7b78
5f81
6652
7673
6d73
5873
353a
5b35
686e
7053
3269
685d
2822
3a35
5656
203d
3e20
5c67
574c
222a
2248
2d38
221a
4737
1e36
294d
2921
161f
997a
a978
83af
d09c
c0b8
694c
7463
a5b2
7ea5
db8e
9fca
6a47
ad62
b6a6
4691
c2c3
54c2
3e63
9d55
99ae
bc93
7add
2a30
1d38
5543
4a58
3b18
2a56
4620
4646
5c44
5a67
4f79
654f
2874
6035
455b
3853
6d5c
4f54
5375
3d4e
3d5e
6d50
4359
358b
5352
635e
6661
5881
5f5c
4b51
405c
603a
3641
7979
5f7e
493a
465e
6558
6379
4f65
4b5e
496c
382b
4f6f
655c
8671
948a
678e
5c41
496d
5d5f
a171
7261
5a52
5c5d
8a84
6a6a
5647
9978
5650
5b7b
7a52
628d
8247
6a9d
633e
5358
5658
8276
aa95
4041
6177
8f50
80aa
7f8d
6173
7a61
6268
afa2
4a66
